"Designator","Footprint","Mid X","Mid Y","Ref X","Ref Y","Pad X","Pad Y","Layer","Rotation","Comment"
""
"Q1","0mil","0mil","0mil","0mil","0mil","0mil","T","0",""
"Q2","0mil","70mil","0mil","70mil","0mil","70mil","T","0",""
"Q3","0mil","140mil","0mil","140mil","0mil","140mil","T","0",""
"Q4","0mil","210mil","0mil","210mil","0mil","210mil","T","0",""
"Q5","0mil","280mil","0mil","280mil","0mil","280mil","T","0",""
"Q6","0mil","350mil","0mil","350mil","0mil","350mil","T","0",""
"Q7","0mil","420mil","0mil","420mil","0mil","420mil","T","0",""
"Q8","0mil","490mil","0mil","490mil","0mil","490mil","T","0",""
"Q9","0mil","560mil","0mil","560mil","0mil","560mil","T","0",""
"Q10","0mil","630mil","0mil","630mil","0mil","630mil","T","0",""
"Q11","0mil","700mil","0mil","700mil","0mil","700mil","T","0",""
"Q12","0mil","770mil","0mil","770mil","0mil","770mil","T","0",""
"Q13","0mil","840mil","0mil","840mil","0mil","840mil","T","0",""
"Q14","0mil","910mil","0mil","910mil","0mil","910mil","T","0",""
"Q15","0mil","980mil","0mil","980mil","0mil","980mil","T","0",""
"Q16","0mil","1050mil","0mil","1050mil","0mil","1050mil","T","0",""
"Q17","0mil","1120mil","0mil","1120mil","0mil","1120mil","T","0",""
"Q18","0mil","1190mil","0mil","1190mil","0mil","1190mil","T","0",""
"Q19","0mil","1260mil","0mil","1260mil","0mil","1260mil","T","0",""
"Q20","0mil","1330mil","0mil","1330mil","0mil","1330mil","T","0",""
"Q21","0mil","1400mil","0mil","1400mil","0mil","1400mil","T","0",""
"Q22","0mil","1470mil","0mil","1470mil","0mil","1470mil","T","0",""
"Q23","0mil","1540mil","0mil","1540mil","0mil","1540mil","T","0",""
"Q24","0mil","1610mil","0mil","1610mil","0mil","1610mil","T","0",""
"Q25","0mil","1680mil","0mil","1680mil","0mil","1680mil","T","0",""
"Q26","0mil","1750mil","0mil","1750mil","0mil","1750mil","T","0",""
"Q27","0mil","1820mil","0mil","1820mil","0mil","1820mil","T","0",""
"Q28","0mil","1890mil","0mil","1890mil","0mil","1890mil","T","0",""
"Q29","0mil","1960mil","0mil","1960mil","0mil","1960mil","T","0",""
"Q30","0mil","2030mil","0mil","2030mil","0mil","2030mil","T","0",""
"Q31","0mil","2100mil","0mil","2100mil","0mil","2100mil","T","0",""
"Q32","0mil","2170mil","0mil","2170mil","0mil","2170mil","T","0",""
"Q33","0mil","2240mil","0mil","2240mil","0mil","2240mil","T","0",""
"Q34","0mil","2310mil","0mil","2310mil","0mil","2310mil","T","0",""
"Q35","0mil","2380mil","0mil","2380mil","0mil","2380mil","T","0",""
"Q36","0mil","2450mil","0mil","2450mil","0mil","2450mil","T","0",""
"Q37","0mil","2520mil","0mil","2520mil","0mil","2520mil","T","0",""
"Q38","0mil","2590mil","0mil","2590mil","0mil","2590mil","T","0",""
"Q39","0mil","2660mil","0mil","2660mil","0mil","2660mil","T","0",""
"Q40","0mil","2730mil","0mil","2730mil","0mil","2730mil","T","0",""
"Q41","70mil","0mil","70mil","0mil","70mil","0mil","T","0",""
"Q42","70mil","70mil","70mil","70mil","70mil","70mil","T","0",""
"Q43","70mil","140mil","70mil","140mil","70mil","140mil","T","0",""
"Q44","70mil","210mil","70mil","210mil","70mil","210mil","T","0",""
"Q45","70mil","280mil","70mil","280mil","70mil","280mil","T","0",""
"Q46","70mil","350mil","70mil","350mil","70mil","350mil","T","0",""
"Q47","70mil","420mil","70mil","420mil","70mil","420mil","T","0",""
"Q48","70mil","490mil","70mil","490mil","70mil","490mil","T","0",""
"Q49","70mil","560mil","70mil","560mil","70mil","560mil","T","0",""
"Q50","70mil","630mil","70mil","630mil","70mil","630mil","T","0",""
"Q51","70mil","700mil","70mil","700mil","70mil","700mil","T","0",""
"Q52","70mil","770mil","70mil","770mil","70mil","770mil","T","0",""
"Q53","70mil","840mil","70mil","840mil","70mil","840mil","T","0",""
"Q54","70mil","910mil","70mil","910mil","70mil","910mil","T","0",""
"Q55","70mil","980mil","70mil","980mil","70mil","980mil","T","0",""
"Q56","70mil","1050mil","70mil","1050mil","70mil","1050mil","T","0",""
"Q57","70mil","1120mil","70mil","1120mil","70mil","1120mil","T","0",""
"Q58","70mil","1190mil","70mil","1190mil","70mil","1190mil","T","0",""
"Q59","70mil","1260mil","70mil","1260mil","70mil","1260mil","T","0",""
"Q60","70mil","1330mil","70mil","1330mil","70mil","1330mil","T","0",""
"Q61","70mil","1400mil","70mil","1400mil","70mil","1400mil","T","0",""
"Q62","70mil","1470mil","70mil","1470mil","70mil","1470mil","T","0",""
"Q63","70mil","1540mil","70mil","1540mil","70mil","1540mil","T","0",""
"Q64","70mil","1610mil","70mil","1610mil","70mil","1610mil","T","0",""
"Q65","70mil","1680mil","70mil","1680mil","70mil","1680mil","T","0",""
"Q66","70mil","1750mil","70mil","1750mil","70mil","1750mil","T","0",""
"Q67","70mil","1820mil","70mil","1820mil","70mil","1820mil","T","0",""
"Q68","70mil","1890mil","70mil","1890mil","70mil","1890mil","T","0",""
"Q69","70mil","1960mil","70mil","1960mil","70mil","1960mil","T","0",""
"Q70","70mil","2030mil","70mil","2030mil","70mil","2030mil","T","0",""
"Q71","70mil","2100mil","70mil","2100mil","70mil","2100mil","T","0",""
"Q72","70mil","2170mil","70mil","2170mil","70mil","2170mil","T","0",""
"Q73","70mil","2240mil","70mil","2240mil","70mil","2240mil","T","0",""
"Q74","70mil","2310mil","70mil","2310mil","70mil","2310mil","T","0",""
"Q75","70mil","2380mil","70mil","2380mil","70mil","2380mil","T","0",""
"Q76","70mil","2450mil","70mil","2450mil","70mil","2450mil","T","0",""
"Q77","70mil","2520mil","70mil","2520mil","70mil","2520mil","T","0",""
"Q78","70mil","2590mil","70mil","2590mil","70mil","2590mil","T","0",""
"Q79","70mil","2660mil","70mil","2660mil","70mil","2660mil","T","0",""
"Q80","70mil","2730mil","70mil","2730mil","70mil","2730mil","T","0",""
"Q81","140mil","0mil","140mil","0mil","140mil","0mil","T","0",""
"Q82","140mil","70mil","140mil","70mil","140mil","70mil","T","0",""
"Q83","140mil","140mil","140mil","140mil","140mil","140mil","T","0",""
"Q84","140mil","210mil","140mil","210mil","140mil","210mil","T","0",""
"Q85","140mil","280mil","140mil","280mil","140mil","280mil","T","0",""
"Q86","140mil","350mil","140mil","350mil","140mil","350mil","T","0",""
"Q87","140mil","420mil","140mil","420mil","140mil","420mil","T","0",""
"Q88","140mil","490mil","140mil","490mil","140mil","490mil","T","0",""
"Q89","140mil","560mil","140mil","560mil","140mil","560mil","T","0",""
"Q90","140mil","630mil","140mil","630mil","140mil","630mil","T","0",""
"Q91","140mil","700mil","140mil","700mil","140mil","700mil","T","0",""
"Q92","140mil","770mil","140mil","770mil","140mil","770mil","T","0",""
"Q93","140mil","840mil","140mil","840mil","140mil","840mil","T","0",""
"Q94","140mil","910mil","140mil","910mil","140mil","910mil","T","0",""
"Q95","140mil","980mil","140mil","980mil","140mil","980mil","T","0",""
"Q96","140mil","1050mil","140mil","1050mil","140mil","1050mil","T","0",""
"Q97","140mil","1120mil","140mil","1120mil","140mil","1120mil","T","0",""
"Q98","140mil","1190mil","140mil","1190mil","140mil","1190mil","T","0",""
"Q99","140mil","1260mil","140mil","1260mil","140mil","1260mil","T","0",""
"Q100","140mil","1330mil","140mil","1330mil","140mil","1330mil","T","0",""
"Q101","140mil","1400mil","140mil","1400mil","140mil","1400mil","T","0",""
"Q102","140mil","1470mil","140mil","1470mil","140mil","1470mil","T","0",""
"Q103","140mil","1540mil","140mil","1540mil","140mil","1540mil","T","0",""
"Q104","140mil","1610mil","140mil","1610mil","140mil","1610mil","T","0",""
"Q105","140mil","1680mil","140mil","1680mil","140mil","1680mil","T","0",""
"Q106","140mil","1750mil","140mil","1750mil","140mil","1750mil","T","0",""
"Q107","140mil","1820mil","140mil","1820mil","140mil","1820mil","T","0",""
"Q108","140mil","1890mil","140mil","1890mil","140mil","1890mil","T","0",""
"Q109","140mil","1960mil","140mil","1960mil","140mil","1960mil","T","0",""
"Q110","140mil","2030mil","140mil","2030mil","140mil","2030mil","T","0",""
"Q111","140mil","2100mil","140mil","2100mil","140mil","2100mil","T","0",""
"Q112","140mil","2170mil","140mil","2170mil","140mil","2170mil","T","0",""
"Q113","140mil","2240mil","140mil","2240mil","140mil","2240mil","T","0",""
"Q114","140mil","2310mil","140mil","2310mil","140mil","2310mil","T","0",""
"Q115","140mil","2380mil","140mil","2380mil","140mil","2380mil","T","0",""
"Q116","140mil","2450mil","140mil","2450mil","140mil","2450mil","T","0",""
"Q117","140mil","2520mil","140mil","2520mil","140mil","2520mil","T","0",""
"Q118","140mil","2590mil","140mil","2590mil","140mil","2590mil","T","0",""
"Q119","140mil","2660mil","140mil","2660mil","140mil","2660mil","T","0",""
"Q120","140mil","2730mil","140mil","2730mil","140mil","2730mil","T","0",""
"Q121","210mil","0mil","210mil","0mil","210mil","0mil","T","0",""
"Q122","210mil","70mil","210mil","70mil","210mil","70mil","T","0",""
"Q123","210mil","140mil","210mil","140mil","210mil","140mil","T","0",""
"Q124","210mil","210mil","210mil","210mil","210mil","210mil","T","0",""
"Q125","210mil","280mil","210mil","280mil","210mil","280mil","T","0",""
"Q126","210mil","350mil","210mil","350mil","210mil","350mil","T","0",""
"Q127","210mil","420mil","210mil","420mil","210mil","420mil","T","0",""
"Q128","210mil","490mil","210mil","490mil","210mil","490mil","T","0",""
"Q129","210mil","560mil","210mil","560mil","210mil","560mil","T","0",""
"Q130","210mil","630mil","210mil","630mil","210mil","630mil","T","0",""
"Q131","210mil","700mil","210mil","700mil","210mil","700mil","T","0",""
"Q132","210mil","770mil","210mil","770mil","210mil","770mil","T","0",""
"Q133","210mil","840mil","210mil","840mil","210mil","840mil","T","0",""
"Q134","210mil","910mil","210mil","910mil","210mil","910mil","T","0",""
"Q135","210mil","980mil","210mil","980mil","210mil","980mil","T","0",""
"Q136","210mil","1050mil","210mil","1050mil","210mil","1050mil","T","0",""
"Q137","210mil","1120mil","210mil","1120mil","210mil","1120mil","T","0",""
"Q138","210mil","1190mil","210mil","1190mil","210mil","1190mil","T","0",""
"Q139","210mil","1260mil","210mil","1260mil","210mil","1260mil","T","0",""
"Q140","210mil","1330mil","210mil","1330mil","210mil","1330mil","T","0",""
"Q141","210mil","1400mil","210mil","1400mil","210mil","1400mil","T","0",""
"Q142","210mil","1470mil","210mil","1470mil","210mil","1470mil","T","0",""
"Q143","210mil","1540mil","210mil","1540mil","210mil","1540mil","T","0",""
"Q144","210mil","1610mil","210mil","1610mil","210mil","1610mil","T","0",""
"Q145","210mil","1680mil","210mil","1680mil","210mil","1680mil","T","0",""
"Q146","210mil","1750mil","210mil","1750mil","210mil","1750mil","T","0",""
"Q147","210mil","1820mil","210mil","1820mil","210mil","1820mil","T","0",""
"Q148","210mil","1890mil","210mil","1890mil","210mil","1890mil","T","0",""
"Q149","210mil","1960mil","210mil","1960mil","210mil","1960mil","T","0",""
"Q150","210mil","2030mil","210mil","2030mil","210mil","2030mil","T","0",""
"Q151","210mil","2100mil","210mil","2100mil","210mil","2100mil","T","0",""
"Q152","210mil","2170mil","210mil","2170mil","210mil","2170mil","T","0",""
"Q153","210mil","2240mil","210mil","2240mil","210mil","2240mil","T","0",""
"Q154","210mil","2310mil","210mil","2310mil","210mil","2310mil","T","0",""
"Q155","210mil","2380mil","210mil","2380mil","210mil","2380mil","T","0",""
"Q156","210mil","2450mil","210mil","2450mil","210mil","2450mil","T","0",""
"Q157","210mil","2520mil","210mil","2520mil","210mil","2520mil","T","0",""
"Q158","210mil","2590mil","210mil","2590mil","210mil","2590mil","T","0",""
"Q159","210mil","2660mil","210mil","2660mil","210mil","2660mil","T","0",""
"Q160","210mil","2730mil","210mil","2730mil","210mil","2730mil","T","0",""
"Q161","280mil","0mil","280mil","0mil","280mil","0mil","T","0",""
"Q162","280mil","70mil","280mil","70mil","280mil","70mil","T","0",""
"Q163","280mil","140mil","280mil","140mil","280mil","140mil","T","0",""
"Q164","280mil","210mil","280mil","210mil","280mil","210mil","T","0",""
"Q165","280mil","280mil","280mil","280mil","280mil","280mil","T","0",""
"Q166","280mil","350mil","280mil","350mil","280mil","350mil","T","0",""
"Q167","280mil","420mil","280mil","420mil","280mil","420mil","T","0",""
"Q168","280mil","490mil","280mil","490mil","280mil","490mil","T","0",""
"Q169","280mil","560mil","280mil","560mil","280mil","560mil","T","0",""
"Q170","280mil","630mil","280mil","630mil","280mil","630mil","T","0",""
"Q171","280mil","700mil","280mil","700mil","280mil","700mil","T","0",""
"Q172","280mil","770mil","280mil","770mil","280mil","770mil","T","0",""
"Q173","280mil","840mil","280mil","840mil","280mil","840mil","T","0",""
"Q174","280mil","910mil","280mil","910mil","280mil","910mil","T","0",""
"Q175","280mil","980mil","280mil","980mil","280mil","980mil","T","0",""
"Q176","280mil","1050mil","280mil","1050mil","280mil","1050mil","T","0",""
"Q177","280mil","1120mil","280mil","1120mil","280mil","1120mil","T","0",""
"Q178","280mil","1190mil","280mil","1190mil","280mil","1190mil","T","0",""
"Q179","280mil","1260mil","280mil","1260mil","280mil","1260mil","T","0",""
"Q180","280mil","1330mil","280mil","1330mil","280mil","1330mil","T","0",""
"Q181","280mil","1400mil","280mil","1400mil","280mil","1400mil","T","0",""
"Q182","280mil","1470mil","280mil","1470mil","280mil","1470mil","T","0",""
"Q183","280mil","1540mil","280mil","1540mil","280mil","1540mil","T","0",""
"Q184","280mil","1610mil","280mil","1610mil","280mil","1610mil","T","0",""
"Q185","280mil","1680mil","280mil","1680mil","280mil","1680mil","T","0",""
"Q186","280mil","1750mil","280mil","1750mil","280mil","1750mil","T","0",""
"Q187","280mil","1820mil","280mil","1820mil","280mil","1820mil","T","0",""
"Q188","280mil","1890mil","280mil","1890mil","280mil","1890mil","T","0",""
"Q189","280mil","1960mil","280mil","1960mil","280mil","1960mil","T","0",""
"Q190","280mil","2030mil","280mil","2030mil","280mil","2030mil","T","0",""
"Q191","280mil","2100mil","280mil","2100mil","280mil","2100mil","T","0",""
"Q192","280mil","2170mil","280mil","2170mil","280mil","2170mil","T","0",""
"Q193","280mil","2240mil","280mil","2240mil","280mil","2240mil","T","0",""
"Q194","280mil","2310mil","280mil","2310mil","280mil","2310mil","T","0",""
"Q195","280mil","2380mil","280mil","2380mil","280mil","2380mil","T","0",""
"Q196","280mil","2450mil","280mil","2450mil","280mil","2450mil","T","0",""
"Q197","280mil","2520mil","280mil","2520mil","280mil","2520mil","T","0",""
"Q198","280mil","2590mil","280mil","2590mil","280mil","2590mil","T","0",""
"Q199","280mil","2660mil","280mil","2660mil","280mil","2660mil","T","0",""
"Q200","280mil","2730mil","280mil","2730mil","280mil","2730mil","T","0",""
"Q201","350mil","0mil","350mil","0mil","350mil","0mil","T","0",""
"Q202","350mil","70mil","350mil","70mil","350mil","70mil","T","0",""
"Q203","350mil","140mil","350mil","140mil","350mil","140mil","T","0",""
"Q204","350mil","210mil","350mil","210mil","350mil","210mil","T","0",""
"Q205","350mil","280mil","350mil","280mil","350mil","280mil","T","0",""
"Q206","350mil","350mil","350mil","350mil","350mil","350mil","T","0",""
"Q207","350mil","420mil","350mil","420mil","350mil","420mil","T","0",""
"Q208","350mil","490mil","350mil","490mil","350mil","490mil","T","0",""
"Q209","350mil","560mil","350mil","560mil","350mil","560mil","T","0",""
"Q210","350mil","630mil","350mil","630mil","350mil","630mil","T","0",""
"Q211","350mil","700mil","350mil","700mil","350mil","700mil","T","0",""
"Q212","350mil","770mil","350mil","770mil","350mil","770mil","T","0",""
"Q213","350mil","840mil","350mil","840mil","350mil","840mil","T","0",""
"Q214","350mil","910mil","350mil","910mil","350mil","910mil","T","0",""
"Q215","350mil","980mil","350mil","980mil","350mil","980mil","T","0",""
"Q216","350mil","1050mil","350mil","1050mil","350mil","1050mil","T","0",""
"Q217","350mil","1120mil","350mil","1120mil","350mil","1120mil","T","0",""
"Q218","350mil","1190mil","350mil","1190mil","350mil","1190mil","T","0",""
"Q219","350mil","1260mil","350mil","1260mil","350mil","1260mil","T","0",""
"Q220","350mil","1330mil","350mil","1330mil","350mil","1330mil","T","0",""
"Q221","350mil","1400mil","350mil","1400mil","350mil","1400mil","T","0",""
"Q222","350mil","1470mil","350mil","1470mil","350mil","1470mil","T","0",""
"Q223","350mil","1540mil","350mil","1540mil","350mil","1540mil","T","0",""
"Q224","350mil","1610mil","350mil","1610mil","350mil","1610mil","T","0",""
"Q225","350mil","1680mil","350mil","1680mil","350mil","1680mil","T","0",""
"Q226","350mil","1750mil","350mil","1750mil","350mil","1750mil","T","0",""
"Q227","350mil","1820mil","350mil","1820mil","350mil","1820mil","T","0",""
"Q228","350mil","1890mil","350mil","1890mil","350mil","1890mil","T","0",""
"Q229","350mil","1960mil","350mil","1960mil","350mil","1960mil","T","0",""
"Q230","350mil","2030mil","350mil","2030mil","350mil","2030mil","T","0",""
"Q231","350mil","2100mil","350mil","2100mil","350mil","2100mil","T","0",""
"Q232","350mil","2170mil","350mil","2170mil","350mil","2170mil","T","0",""
"Q233","350mil","2240mil","350mil","2240mil","350mil","2240mil","T","0",""
"Q234","350mil","2310mil","350mil","2310mil","350mil","2310mil","T","0",""
"Q235","350mil","2380mil","350mil","2380mil","350mil","2380mil","T","0",""
"Q236","350mil","2450mil","350mil","2450mil","350mil","2450mil","T","0",""
"Q237","350mil","2520mil","350mil","2520mil","350mil","2520mil","T","0",""
"Q238","350mil","2590mil","350mil","2590mil","350mil","2590mil","T","0",""
"Q239","350mil","2660mil","350mil","2660mil","350mil","2660mil","T","0",""
"Q240","350mil","2730mil","350mil","2730mil","350mil","2730mil","T","0",""
"Q241","420mil","0mil","420mil","0mil","420mil","0mil","T","0",""
"Q242","420mil","70mil","420mil","70mil","420mil","70mil","T","0",""
"Q243","420mil","140mil","420mil","140mil","420mil","140mil","T","0",""
"Q244","420mil","210mil","420mil","210mil","420mil","210mil","T","0",""
"Q245","420mil","280mil","420mil","280mil","420mil","280mil","T","0",""
"Q246","420mil","350mil","420mil","350mil","420mil","350mil","T","0",""
"Q247","420mil","420mil","420mil","420mil","420mil","420mil","T","0",""
"Q248","420mil","490mil","420mil","490mil","420mil","490mil","T","0",""
"Q249","420mil","560mil","420mil","560mil","420mil","560mil","T","0",""
"Q250","420mil","630mil","420mil","630mil","420mil","630mil","T","0",""
"Q251","420mil","700mil","420mil","700mil","420mil","700mil","T","0",""
"Q252","420mil","770mil","420mil","770mil","420mil","770mil","T","0",""
"Q253","420mil","840mil","420mil","840mil","420mil","840mil","T","0",""
"Q254","420mil","910mil","420mil","910mil","420mil","910mil","T","0",""
"Q255","420mil","980mil","420mil","980mil","420mil","980mil","T","0",""
"Q256","420mil","1050mil","420mil","1050mil","420mil","1050mil","T","0",""
"Q257","420mil","1120mil","420mil","1120mil","420mil","1120mil","T","0",""
"Q258","420mil","1190mil","420mil","1190mil","420mil","1190mil","T","0",""
"Q259","420mil","1260mil","420mil","1260mil","420mil","1260mil","T","0",""
"Q260","420mil","1330mil","420mil","1330mil","420mil","1330mil","T","0",""
"Q261","420mil","1400mil","420mil","1400mil","420mil","1400mil","T","0",""
"Q262","420mil","1470mil","420mil","1470mil","420mil","1470mil","T","0",""
"Q263","420mil","1540mil","420mil","1540mil","420mil","1540mil","T","0",""
"Q264","420mil","1610mil","420mil","1610mil","420mil","1610mil","T","0",""
"Q265","420mil","1680mil","420mil","1680mil","420mil","1680mil","T","0",""
"Q266","420mil","1750mil","420mil","1750mil","420mil","1750mil","T","0",""
"Q267","420mil","1820mil","420mil","1820mil","420mil","1820mil","T","0",""
"Q268","420mil","1890mil","420mil","1890mil","420mil","1890mil","T","0",""
"Q269","420mil","1960mil","420mil","1960mil","420mil","1960mil","T","0",""
"Q270","420mil","2030mil","420mil","2030mil","420mil","2030mil","T","0",""
"Q271","420mil","2100mil","420mil","2100mil","420mil","2100mil","T","0",""
"Q272","420mil","2170mil","420mil","2170mil","420mil","2170mil","T","0",""
"Q273","420mil","2240mil","420mil","2240mil","420mil","2240mil","T","0",""
"Q274","420mil","2310mil","420mil","2310mil","420mil","2310mil","T","0",""
"Q275","420mil","2380mil","420mil","2380mil","420mil","2380mil","T","0",""
"Q276","420mil","2450mil","420mil","2450mil","420mil","2450mil","T","0",""
"Q277","420mil","2520mil","420mil","2520mil","420mil","2520mil","T","0",""
"Q278","420mil","2590mil","420mil","2590mil","420mil","2590mil","T","0",""
"Q279","420mil","2660mil","420mil","2660mil","420mil","2660mil","T","0",""
"Q280","420mil","2730mil","420mil","2730mil","420mil","2730mil","T","0",""
"Q281","490mil","0mil","490mil","0mil","490mil","0mil","T","0",""
"Q282","490mil","70mil","490mil","70mil","490mil","70mil","T","0",""
"Q283","490mil","140mil","490mil","140mil","490mil","140mil","T","0",""
"Q284","490mil","210mil","490mil","210mil","490mil","210mil","T","0",""
"Q285","490mil","280mil","490mil","280mil","490mil","280mil","T","0",""
"Q286","490mil","350mil","490mil","350mil","490mil","350mil","T","0",""
"Q287","490mil","420mil","490mil","420mil","490mil","420mil","T","0",""
"Q288","490mil","490mil","490mil","490mil","490mil","490mil","T","0",""
"Q289","490mil","560mil","490mil","560mil","490mil","560mil","T","0",""
"Q290","490mil","630mil","490mil","630mil","490mil","630mil","T","0",""
"Q291","490mil","700mil","490mil","700mil","490mil","700mil","T","0",""
"Q292","490mil","770mil","490mil","770mil","490mil","770mil","T","0",""
"Q293","490mil","840mil","490mil","840mil","490mil","840mil","T","0",""
"Q294","490mil","910mil","490mil","910mil","490mil","910mil","T","0",""
"Q295","490mil","980mil","490mil","980mil","490mil","980mil","T","0",""
"Q296","490mil","1050mil","490mil","1050mil","490mil","1050mil","T","0",""
"Q297","490mil","1120mil","490mil","1120mil","490mil","1120mil","T","0",""
"Q298","490mil","1190mil","490mil","1190mil","490mil","1190mil","T","0",""
"Q299","490mil","1260mil","490mil","1260mil","490mil","1260mil","T","0",""
"Q300","490mil","1330mil","490mil","1330mil","490mil","1330mil","T","0",""
"Q301","490mil","1400mil","490mil","1400mil","490mil","1400mil","T","0",""
"Q302","490mil","1470mil","490mil","1470mil","490mil","1470mil","T","0",""
"Q303","490mil","1540mil","490mil","1540mil","490mil","1540mil","T","0",""
"Q304","490mil","1610mil","490mil","1610mil","490mil","1610mil","T","0",""
"Q305","490mil","1680mil","490mil","1680mil","490mil","1680mil","T","0",""
"Q306","490mil","1750mil","490mil","1750mil","490mil","1750mil","T","0",""
"Q307","490mil","1820mil","490mil","1820mil","490mil","1820mil","T","0",""
"Q308","490mil","1890mil","490mil","1890mil","490mil","1890mil","T","0",""
"Q309","490mil","1960mil","490mil","1960mil","490mil","1960mil","T","0",""
"Q310","490mil","2030mil","490mil","2030mil","490mil","2030mil","T","0",""
"Q311","490mil","2100mil","490mil","2100mil","490mil","2100mil","T","0",""
"Q312","490mil","2170mil","490mil","2170mil","490mil","2170mil","T","0",""
"Q313","490mil","2240mil","490mil","2240mil","490mil","2240mil","T","0",""
"Q314","490mil","2310mil","490mil","2310mil","490mil","2310mil","T","0",""
"Q315","490mil","2380mil","490mil","2380mil","490mil","2380mil","T","0",""
"Q316","490mil","2450mil","490mil","2450mil","490mil","2450mil","T","0",""
"Q317","490mil","2520mil","490mil","2520mil","490mil","2520mil","T","0",""
"Q318","490mil","2590mil","490mil","2590mil","490mil","2590mil","T","0",""
"Q319","490mil","2660mil","490mil","2660mil","490mil","2660mil","T","0",""
"Q320","490mil","2730mil","490mil","2730mil","490mil","2730mil","T","0",""
"Q321","560mil","0mil","560mil","0mil","560mil","0mil","T","0",""
"Q322","560mil","70mil","560mil","70mil","560mil","70mil","T","0",""
"Q323","560mil","140mil","560mil","140mil","560mil","140mil","T","0",""
"Q324","560mil","210mil","560mil","210mil","560mil","210mil","T","0",""
"Q325","560mil","280mil","560mil","280mil","560mil","280mil","T","0",""
"Q326","560mil","350mil","560mil","350mil","560mil","350mil","T","0",""
"Q327","560mil","420mil","560mil","420mil","560mil","420mil","T","0",""
"Q328","560mil","490mil","560mil","490mil","560mil","490mil","T","0",""
"Q329","560mil","560mil","560mil","560mil","560mil","560mil","T","0",""
"Q330","560mil","630mil","560mil","630mil","560mil","630mil","T","0",""
"Q331","560mil","700mil","560mil","700mil","560mil","700mil","T","0",""
"Q332","560mil","770mil","560mil","770mil","560mil","770mil","T","0",""
"Q333","560mil","840mil","560mil","840mil","560mil","840mil","T","0",""
"Q334","560mil","910mil","560mil","910mil","560mil","910mil","T","0",""
"Q335","560mil","980mil","560mil","980mil","560mil","980mil","T","0",""
"Q336","560mil","1050mil","560mil","1050mil","560mil","1050mil","T","0",""
"Q337","560mil","1120mil","560mil","1120mil","560mil","1120mil","T","0",""
"Q338","560mil","1190mil","560mil","1190mil","560mil","1190mil","T","0",""
"Q339","560mil","1260mil","560mil","1260mil","560mil","1260mil","T","0",""
"Q340","560mil","1330mil","560mil","1330mil","560mil","1330mil","T","0",""
"Q341","560mil","1400mil","560mil","1400mil","560mil","1400mil","T","0",""
"Q342","560mil","1470mil","560mil","1470mil","560mil","1470mil","T","0",""
"Q343","560mil","1540mil","560mil","1540mil","560mil","1540mil","T","0",""
"Q344","560mil","1610mil","560mil","1610mil","560mil","1610mil","T","0",""
"Q345","560mil","1680mil","560mil","1680mil","560mil","1680mil","T","0",""
"Q346","560mil","1750mil","560mil","1750mil","560mil","1750mil","T","0",""
"Q347","560mil","1820mil","560mil","1820mil","560mil","1820mil","T","0",""
"Q348","560mil","1890mil","560mil","1890mil","560mil","1890mil","T","0",""
"Q349","560mil","1960mil","560mil","1960mil","560mil","1960mil","T","0",""
"Q350","560mil","2030mil","560mil","2030mil","560mil","2030mil","T","0",""
"Q351","560mil","2100mil","560mil","2100mil","560mil","2100mil","T","0",""
"Q352","560mil","2170mil","560mil","2170mil","560mil","2170mil","T","0",""
"Q353","560mil","2240mil","560mil","2240mil","560mil","2240mil","T","0",""
"Q354","560mil","2310mil","560mil","2310mil","560mil","2310mil","T","0",""
"Q355","560mil","2380mil","560mil","2380mil","560mil","2380mil","T","0",""
"Q356","560mil","2450mil","560mil","2450mil","560mil","2450mil","T","0",""
"Q357","560mil","2520mil","560mil","2520mil","560mil","2520mil","T","0",""
"Q358","560mil","2590mil","560mil","2590mil","560mil","2590mil","T","0",""
"Q359","560mil","2660mil","560mil","2660mil","560mil","2660mil","T","0",""
"Q360","560mil","2730mil","560mil","2730mil","560mil","2730mil","T","0",""
"Q361","630mil","0mil","630mil","0mil","630mil","0mil","T","0",""
"Q362","630mil","70mil","630mil","70mil","630mil","70mil","T","0",""
"Q363","630mil","140mil","630mil","140mil","630mil","140mil","T","0",""
"Q364","630mil","210mil","630mil","210mil","630mil","210mil","T","0",""
"Q365","630mil","280mil","630mil","280mil","630mil","280mil","T","0",""
"Q366","630mil","350mil","630mil","350mil","630mil","350mil","T","0",""
"Q367","630mil","420mil","630mil","420mil","630mil","420mil","T","0",""
"Q368","630mil","490mil","630mil","490mil","630mil","490mil","T","0",""
"Q369","630mil","560mil","630mil","560mil","630mil","560mil","T","0",""
"Q370","630mil","630mil","630mil","630mil","630mil","630mil","T","0",""
"Q371","630mil","700mil","630mil","700mil","630mil","700mil","T","0",""
"Q372","630mil","770mil","630mil","770mil","630mil","770mil","T","0",""
"Q373","630mil","840mil","630mil","840mil","630mil","840mil","T","0",""
"Q374","630mil","910mil","630mil","910mil","630mil","910mil","T","0",""
"Q375","630mil","980mil","630mil","980mil","630mil","980mil","T","0",""
"Q376","630mil","1050mil","630mil","1050mil","630mil","1050mil","T","0",""
"Q377","630mil","1120mil","630mil","1120mil","630mil","1120mil","T","0",""
"Q378","630mil","1190mil","630mil","1190mil","630mil","1190mil","T","0",""
"Q379","630mil","1260mil","630mil","1260mil","630mil","1260mil","T","0",""
"Q380","630mil","1330mil","630mil","1330mil","630mil","1330mil","T","0",""
"Q381","630mil","1400mil","630mil","1400mil","630mil","1400mil","T","0",""
"Q382","630mil","1470mil","630mil","1470mil","630mil","1470mil","T","0",""
"Q383","630mil","1540mil","630mil","1540mil","630mil","1540mil","T","0",""
"Q384","630mil","1610mil","630mil","1610mil","630mil","1610mil","T","0",""
"Q385","630mil","1680mil","630mil","1680mil","630mil","1680mil","T","0",""
"Q386","630mil","1750mil","630mil","1750mil","630mil","1750mil","T","0",""
"Q387","630mil","1820mil","630mil","1820mil","630mil","1820mil","T","0",""
"Q388","630mil","1890mil","630mil","1890mil","630mil","1890mil","T","0",""
"Q389","630mil","1960mil","630mil","1960mil","630mil","1960mil","T","0",""
"Q390","630mil","2030mil","630mil","2030mil","630mil","2030mil","T","0",""
"Q391","630mil","2100mil","630mil","2100mil","630mil","2100mil","T","0",""
"Q392","630mil","2170mil","630mil","2170mil","630mil","2170mil","T","0",""
"Q393","630mil","2240mil","630mil","2240mil","630mil","2240mil","T","0",""
"Q394","630mil","2310mil","630mil","2310mil","630mil","2310mil","T","0",""
"Q395","630mil","2380mil","630mil","2380mil","630mil","2380mil","T","0",""
"Q396","630mil","2450mil","630mil","2450mil","630mil","2450mil","T","0",""
"Q397","630mil","2520mil","630mil","2520mil","630mil","2520mil","T","0",""
"Q398","630mil","2590mil","630mil","2590mil","630mil","2590mil","T","0",""
"Q399","630mil","2660mil","630mil","2660mil","630mil","2660mil","T","0",""
"Q400","630mil","2730mil","630mil","2730mil","630mil","2730mil","T","0",""
"Q401","700mil","0mil","700mil","0mil","700mil","0mil","T","0",""
"Q402","700mil","70mil","700mil","70mil","700mil","70mil","T","0",""
"Q403","700mil","140mil","700mil","140mil","700mil","140mil","T","0",""
"Q404","700mil","210mil","700mil","210mil","700mil","210mil","T","0",""
"Q405","700mil","280mil","700mil","280mil","700mil","280mil","T","0",""
"Q406","700mil","350mil","700mil","350mil","700mil","350mil","T","0",""
"Q407","700mil","420mil","700mil","420mil","700mil","420mil","T","0",""
"Q408","700mil","490mil","700mil","490mil","700mil","490mil","T","0",""
"Q409","700mil","560mil","700mil","560mil","700mil","560mil","T","0",""
"Q410","700mil","630mil","700mil","630mil","700mil","630mil","T","0",""
"Q411","700mil","700mil","700mil","700mil","700mil","700mil","T","0",""
"Q412","700mil","770mil","700mil","770mil","700mil","770mil","T","0",""
"Q413","700mil","840mil","700mil","840mil","700mil","840mil","T","0",""
"Q414","700mil","910mil","700mil","910mil","700mil","910mil","T","0",""
"Q415","700mil","980mil","700mil","980mil","700mil","980mil","T","0",""
"Q416","700mil","1050mil","700mil","1050mil","700mil","1050mil","T","0",""
"Q417","700mil","1120mil","700mil","1120mil","700mil","1120mil","T","0",""
"Q418","700mil","1190mil","700mil","1190mil","700mil","1190mil","T","0",""
"Q419","700mil","1260mil","700mil","1260mil","700mil","1260mil","T","0",""
"Q420","700mil","1330mil","700mil","1330mil","700mil","1330mil","T","0",""
"Q421","700mil","1400mil","700mil","1400mil","700mil","1400mil","T","0",""
"Q422","700mil","1470mil","700mil","1470mil","700mil","1470mil","T","0",""
"Q423","700mil","1540mil","700mil","1540mil","700mil","1540mil","T","0",""
"Q424","700mil","1610mil","700mil","1610mil","700mil","1610mil","T","0",""
"Q425","700mil","1680mil","700mil","1680mil","700mil","1680mil","T","0",""
"Q426","700mil","1750mil","700mil","1750mil","700mil","1750mil","T","0",""
"Q427","700mil","1820mil","700mil","1820mil","700mil","1820mil","T","0",""
"Q428","700mil","1890mil","700mil","1890mil","700mil","1890mil","T","0",""
"Q429","700mil","1960mil","700mil","1960mil","700mil","1960mil","T","0",""
"Q430","700mil","2030mil","700mil","2030mil","700mil","2030mil","T","0",""
"Q431","700mil","2100mil","700mil","2100mil","700mil","2100mil","T","0",""
"Q432","700mil","2170mil","700mil","2170mil","700mil","2170mil","T","0",""
"Q433","700mil","2240mil","700mil","2240mil","700mil","2240mil","T","0",""
"Q434","700mil","2310mil","700mil","2310mil","700mil","2310mil","T","0",""
"Q435","700mil","2380mil","700mil","2380mil","700mil","2380mil","T","0",""
"Q436","700mil","2450mil","700mil","2450mil","700mil","2450mil","T","0",""
"Q437","700mil","2520mil","700mil","2520mil","700mil","2520mil","T","0",""
"Q438","700mil","2590mil","700mil","2590mil","700mil","2590mil","T","0",""
"Q439","700mil","2660mil","700mil","2660mil","700mil","2660mil","T","0",""
"Q440","700mil","2730mil","700mil","2730mil","700mil","2730mil","T","0",""
"Q441","770mil","0mil","770mil","0mil","770mil","0mil","T","0",""
"Q442","770mil","70mil","770mil","70mil","770mil","70mil","T","0",""
"Q443","770mil","140mil","770mil","140mil","770mil","140mil","T","0",""
"Q444","770mil","210mil","770mil","210mil","770mil","210mil","T","0",""
"Q445","770mil","280mil","770mil","280mil","770mil","280mil","T","0",""
"Q446","770mil","350mil","770mil","350mil","770mil","350mil","T","0",""
"Q447","770mil","420mil","770mil","420mil","770mil","420mil","T","0",""
"Q448","770mil","490mil","770mil","490mil","770mil","490mil","T","0",""
"Q449","770mil","560mil","770mil","560mil","770mil","560mil","T","0",""
"Q450","770mil","630mil","770mil","630mil","770mil","630mil","T","0",""
"Q451","770mil","700mil","770mil","700mil","770mil","700mil","T","0",""
"Q452","770mil","770mil","770mil","770mil","770mil","770mil","T","0",""
"Q453","770mil","840mil","770mil","840mil","770mil","840mil","T","0",""
"Q454","770mil","910mil","770mil","910mil","770mil","910mil","T","0",""
"Q455","770mil","980mil","770mil","980mil","770mil","980mil","T","0",""
"Q456","770mil","1050mil","770mil","1050mil","770mil","1050mil","T","0",""
"Q457","770mil","1120mil","770mil","1120mil","770mil","1120mil","T","0",""
"Q458","770mil","1190mil","770mil","1190mil","770mil","1190mil","T","0",""
"Q459","770mil","1260mil","770mil","1260mil","770mil","1260mil","T","0",""
"Q460","770mil","1330mil","770mil","1330mil","770mil","1330mil","T","0",""
"Q461","770mil","1400mil","770mil","1400mil","770mil","1400mil","T","0",""
"Q462","770mil","1470mil","770mil","1470mil","770mil","1470mil","T","0",""
"Q463","770mil","1540mil","770mil","1540mil","770mil","1540mil","T","0",""
"Q464","770mil","1610mil","770mil","1610mil","770mil","1610mil","T","0",""
"Q465","770mil","1680mil","770mil","1680mil","770mil","1680mil","T","0",""
"Q466","770mil","1750mil","770mil","1750mil","770mil","1750mil","T","0",""
"Q467","770mil","1820mil","770mil","1820mil","770mil","1820mil","T","0",""
"Q468","770mil","1890mil","770mil","1890mil","770mil","1890mil","T","0",""
"Q469","770mil","1960mil","770mil","1960mil","770mil","1960mil","T","0",""
"Q470","770mil","2030mil","770mil","2030mil","770mil","2030mil","T","0",""
"Q471","770mil","2100mil","770mil","2100mil","770mil","2100mil","T","0",""
"Q472","770mil","2170mil","770mil","2170mil","770mil","2170mil","T","0",""
"Q473","770mil","2240mil","770mil","2240mil","770mil","2240mil","T","0",""
"Q474","770mil","2310mil","770mil","2310mil","770mil","2310mil","T","0",""
"Q475","770mil","2380mil","770mil","2380mil","770mil","2380mil","T","0",""
"Q476","770mil","2450mil","770mil","2450mil","770mil","2450mil","T","0",""
"Q477","770mil","2520mil","770mil","2520mil","770mil","2520mil","T","0",""
"Q478","770mil","2590mil","770mil","2590mil","770mil","2590mil","T","0",""
"Q479","770mil","2660mil","770mil","2660mil","770mil","2660mil","T","0",""
"Q480","770mil","2730mil","770mil","2730mil","770mil","2730mil","T","0",""
"Q481","840mil","0mil","840mil","0mil","840mil","0mil","T","0",""
"Q482","840mil","70mil","840mil","70mil","840mil","70mil","T","0",""
"Q483","840mil","140mil","840mil","140mil","840mil","140mil","T","0",""
"Q484","840mil","210mil","840mil","210mil","840mil","210mil","T","0",""
"Q485","840mil","280mil","840mil","280mil","840mil","280mil","T","0",""
"Q486","840mil","350mil","840mil","350mil","840mil","350mil","T","0",""
"Q487","840mil","420mil","840mil","420mil","840mil","420mil","T","0",""
"Q488","840mil","490mil","840mil","490mil","840mil","490mil","T","0",""
"Q489","840mil","560mil","840mil","560mil","840mil","560mil","T","0",""
"Q490","840mil","630mil","840mil","630mil","840mil","630mil","T","0",""
"Q491","840mil","700mil","840mil","700mil","840mil","700mil","T","0",""
"Q492","840mil","770mil","840mil","770mil","840mil","770mil","T","0",""
"Q493","840mil","840mil","840mil","840mil","840mil","840mil","T","0",""
"Q494","840mil","910mil","840mil","910mil","840mil","910mil","T","0",""
"Q495","840mil","980mil","840mil","980mil","840mil","980mil","T","0",""
"Q496","840mil","1050mil","840mil","1050mil","840mil","1050mil","T","0",""
"Q497","840mil","1120mil","840mil","1120mil","840mil","1120mil","T","0",""
"Q498","840mil","1190mil","840mil","1190mil","840mil","1190mil","T","0",""
"Q499","840mil","1260mil","840mil","1260mil","840mil","1260mil","T","0",""
"Q500","840mil","1330mil","840mil","1330mil","840mil","1330mil","T","0",""
"Q501","840mil","1400mil","840mil","1400mil","840mil","1400mil","T","0",""
"Q502","840mil","1470mil","840mil","1470mil","840mil","1470mil","T","0",""
"Q503","840mil","1540mil","840mil","1540mil","840mil","1540mil","T","0",""
"Q504","840mil","1610mil","840mil","1610mil","840mil","1610mil","T","0",""
"Q505","840mil","1680mil","840mil","1680mil","840mil","1680mil","T","0",""
"Q506","840mil","1750mil","840mil","1750mil","840mil","1750mil","T","0",""
"Q507","840mil","1820mil","840mil","1820mil","840mil","1820mil","T","0",""
"Q508","840mil","1890mil","840mil","1890mil","840mil","1890mil","T","0",""
"Q509","840mil","1960mil","840mil","1960mil","840mil","1960mil","T","0",""
"Q510","840mil","2030mil","840mil","2030mil","840mil","2030mil","T","0",""
"Q511","840mil","2100mil","840mil","2100mil","840mil","2100mil","T","0",""
"Q512","840mil","2170mil","840mil","2170mil","840mil","2170mil","T","0",""
"Q513","840mil","2240mil","840mil","2240mil","840mil","2240mil","T","0",""
"Q514","840mil","2310mil","840mil","2310mil","840mil","2310mil","T","0",""
"Q515","840mil","2380mil","840mil","2380mil","840mil","2380mil","T","0",""
"Q516","840mil","2450mil","840mil","2450mil","840mil","2450mil","T","0",""
"Q517","840mil","2520mil","840mil","2520mil","840mil","2520mil","T","0",""
"Q518","840mil","2590mil","840mil","2590mil","840mil","2590mil","T","0",""
"Q519","840mil","2660mil","840mil","2660mil","840mil","2660mil","T","0",""
"Q520","840mil","2730mil","840mil","2730mil","840mil","2730mil","T","0",""
"Q521","910mil","0mil","910mil","0mil","910mil","0mil","T","0",""
"Q522","910mil","70mil","910mil","70mil","910mil","70mil","T","0",""
"Q523","910mil","140mil","910mil","140mil","910mil","140mil","T","0",""
"Q524","910mil","210mil","910mil","210mil","910mil","210mil","T","0",""
"Q525","910mil","280mil","910mil","280mil","910mil","280mil","T","0",""
"Q526","910mil","350mil","910mil","350mil","910mil","350mil","T","0",""
"Q527","910mil","420mil","910mil","420mil","910mil","420mil","T","0",""
"Q528","910mil","490mil","910mil","490mil","910mil","490mil","T","0",""
"Q529","910mil","560mil","910mil","560mil","910mil","560mil","T","0",""
"Q530","910mil","630mil","910mil","630mil","910mil","630mil","T","0",""
"Q531","910mil","700mil","910mil","700mil","910mil","700mil","T","0",""
"Q532","910mil","770mil","910mil","770mil","910mil","770mil","T","0",""
"Q533","910mil","840mil","910mil","840mil","910mil","840mil","T","0",""
"Q534","910mil","910mil","910mil","910mil","910mil","910mil","T","0",""
"Q535","910mil","980mil","910mil","980mil","910mil","980mil","T","0",""
"Q536","910mil","1050mil","910mil","1050mil","910mil","1050mil","T","0",""
"Q537","910mil","1120mil","910mil","1120mil","910mil","1120mil","T","0",""
"Q538","910mil","1190mil","910mil","1190mil","910mil","1190mil","T","0",""
"Q539","910mil","1260mil","910mil","1260mil","910mil","1260mil","T","0",""
"Q540","910mil","1330mil","910mil","1330mil","910mil","1330mil","T","0",""
"Q541","910mil","1400mil","910mil","1400mil","910mil","1400mil","T","0",""
"Q542","910mil","1470mil","910mil","1470mil","910mil","1470mil","T","0",""
"Q543","910mil","1540mil","910mil","1540mil","910mil","1540mil","T","0",""
"Q544","910mil","1610mil","910mil","1610mil","910mil","1610mil","T","0",""
"Q545","910mil","1680mil","910mil","1680mil","910mil","1680mil","T","0",""
"Q546","910mil","1750mil","910mil","1750mil","910mil","1750mil","T","0",""
"Q547","910mil","1820mil","910mil","1820mil","910mil","1820mil","T","0",""
"Q548","910mil","1890mil","910mil","1890mil","910mil","1890mil","T","0",""
"Q549","910mil","1960mil","910mil","1960mil","910mil","1960mil","T","0",""
"Q550","910mil","2030mil","910mil","2030mil","910mil","2030mil","T","0",""
"Q551","910mil","2100mil","910mil","2100mil","910mil","2100mil","T","0",""
"Q552","910mil","2170mil","910mil","2170mil","910mil","2170mil","T","0",""
"Q553","910mil","2240mil","910mil","2240mil","910mil","2240mil","T","0",""
"Q554","910mil","2310mil","910mil","2310mil","910mil","2310mil","T","0",""
"Q555","910mil","2380mil","910mil","2380mil","910mil","2380mil","T","0",""
"Q556","910mil","2450mil","910mil","2450mil","910mil","2450mil","T","0",""
"Q557","910mil","2520mil","910mil","2520mil","910mil","2520mil","T","0",""
"Q558","910mil","2590mil","910mil","2590mil","910mil","2590mil","T","0",""
"Q559","910mil","2660mil","910mil","2660mil","910mil","2660mil","T","0",""
"Q560","910mil","2730mil","910mil","2730mil","910mil","2730mil","T","0",""
"Q561","980mil","0mil","980mil","0mil","980mil","0mil","T","0",""
"Q562","980mil","70mil","980mil","70mil","980mil","70mil","T","0",""
"Q563","980mil","140mil","980mil","140mil","980mil","140mil","T","0",""
"Q564","980mil","210mil","980mil","210mil","980mil","210mil","T","0",""
"Q565","980mil","280mil","980mil","280mil","980mil","280mil","T","0",""
"Q566","980mil","350mil","980mil","350mil","980mil","350mil","T","0",""
"Q567","980mil","420mil","980mil","420mil","980mil","420mil","T","0",""
"Q568","980mil","490mil","980mil","490mil","980mil","490mil","T","0",""
"Q569","980mil","560mil","980mil","560mil","980mil","560mil","T","0",""
"Q570","980mil","630mil","980mil","630mil","980mil","630mil","T","0",""
"Q571","980mil","700mil","980mil","700mil","980mil","700mil","T","0",""
"Q572","980mil","770mil","980mil","770mil","980mil","770mil","T","0",""
"Q573","980mil","840mil","980mil","840mil","980mil","840mil","T","0",""
"Q574","980mil","910mil","980mil","910mil","980mil","910mil","T","0",""
"Q575","980mil","980mil","980mil","980mil","980mil","980mil","T","0",""
"Q576","980mil","1050mil","980mil","1050mil","980mil","1050mil","T","0",""
"Q577","980mil","1120mil","980mil","1120mil","980mil","1120mil","T","0",""
"Q578","980mil","1190mil","980mil","1190mil","980mil","1190mil","T","0",""
"Q579","980mil","1260mil","980mil","1260mil","980mil","1260mil","T","0",""
"Q580","980mil","1330mil","980mil","1330mil","980mil","1330mil","T","0",""
"Q581","980mil","1400mil","980mil","1400mil","980mil","1400mil","T","0",""
"Q582","980mil","1470mil","980mil","1470mil","980mil","1470mil","T","0",""
"Q583","980mil","1540mil","980mil","1540mil","980mil","1540mil","T","0",""
"Q584","980mil","1610mil","980mil","1610mil","980mil","1610mil","T","0",""
"Q585","980mil","1680mil","980mil","1680mil","980mil","1680mil","T","0",""
"Q586","980mil","1750mil","980mil","1750mil","980mil","1750mil","T","0",""
"Q587","980mil","1820mil","980mil","1820mil","980mil","1820mil","T","0",""
"Q588","980mil","1890mil","980mil","1890mil","980mil","1890mil","T","0",""
"Q589","980mil","1960mil","980mil","1960mil","980mil","1960mil","T","0",""
"Q590","980mil","2030mil","980mil","2030mil","980mil","2030mil","T","0",""
"Q591","980mil","2100mil","980mil","2100mil","980mil","2100mil","T","0",""
"Q592","980mil","2170mil","980mil","2170mil","980mil","2170mil","T","0",""
"Q593","980mil","2240mil","980mil","2240mil","980mil","2240mil","T","0",""
"Q594","980mil","2310mil","980mil","2310mil","980mil","2310mil","T","0",""
"Q595","980mil","2380mil","980mil","2380mil","980mil","2380mil","T","0",""
"Q596","980mil","2450mil","980mil","2450mil","980mil","2450mil","T","0",""
"Q597","980mil","2520mil","980mil","2520mil","980mil","2520mil","T","0",""
"Q598","980mil","2590mil","980mil","2590mil","980mil","2590mil","T","0",""
"Q599","980mil","2660mil","980mil","2660mil","980mil","2660mil","T","0",""
"Q600","980mil","2730mil","980mil","2730mil","980mil","2730mil","T","0",""
"Q601","1050mil","0mil","1050mil","0mil","1050mil","0mil","T","0",""
"Q602","1050mil","70mil","1050mil","70mil","1050mil","70mil","T","0",""
"Q603","1050mil","140mil","1050mil","140mil","1050mil","140mil","T","0",""
"Q604","1050mil","210mil","1050mil","210mil","1050mil","210mil","T","0",""
"Q605","1050mil","280mil","1050mil","280mil","1050mil","280mil","T","0",""
"Q606","1050mil","350mil","1050mil","350mil","1050mil","350mil","T","0",""
"Q607","1050mil","420mil","1050mil","420mil","1050mil","420mil","T","0",""
"Q608","1050mil","490mil","1050mil","490mil","1050mil","490mil","T","0",""
"Q609","1050mil","560mil","1050mil","560mil","1050mil","560mil","T","0",""
"Q610","1050mil","630mil","1050mil","630mil","1050mil","630mil","T","0",""
"Q611","1050mil","700mil","1050mil","700mil","1050mil","700mil","T","0",""
"Q612","1050mil","770mil","1050mil","770mil","1050mil","770mil","T","0",""
"Q613","1050mil","840mil","1050mil","840mil","1050mil","840mil","T","0",""
"Q614","1050mil","910mil","1050mil","910mil","1050mil","910mil","T","0",""
"Q615","1050mil","980mil","1050mil","980mil","1050mil","980mil","T","0",""
"Q616","1050mil","1050mil","1050mil","1050mil","1050mil","1050mil","T","0",""
"Q617","1050mil","1120mil","1050mil","1120mil","1050mil","1120mil","T","0",""
"Q618","1050mil","1190mil","1050mil","1190mil","1050mil","1190mil","T","0",""
"Q619","1050mil","1260mil","1050mil","1260mil","1050mil","1260mil","T","0",""
"Q620","1050mil","1330mil","1050mil","1330mil","1050mil","1330mil","T","0",""
"Q621","1050mil","1400mil","1050mil","1400mil","1050mil","1400mil","T","0",""
"Q622","1050mil","1470mil","1050mil","1470mil","1050mil","1470mil","T","0",""
"Q623","1050mil","1540mil","1050mil","1540mil","1050mil","1540mil","T","0",""
"Q624","1050mil","1610mil","1050mil","1610mil","1050mil","1610mil","T","0",""
"Q625","1050mil","1680mil","1050mil","1680mil","1050mil","1680mil","T","0",""
"Q626","1050mil","1750mil","1050mil","1750mil","1050mil","1750mil","T","0",""
"Q627","1050mil","1820mil","1050mil","1820mil","1050mil","1820mil","T","0",""
"Q628","1050mil","1890mil","1050mil","1890mil","1050mil","1890mil","T","0",""
"Q629","1050mil","1960mil","1050mil","1960mil","1050mil","1960mil","T","0",""
"Q630","1050mil","2030mil","1050mil","2030mil","1050mil","2030mil","T","0",""
"Q631","1050mil","2100mil","1050mil","2100mil","1050mil","2100mil","T","0",""
"Q632","1050mil","2170mil","1050mil","2170mil","1050mil","2170mil","T","0",""
"Q633","1050mil","2240mil","1050mil","2240mil","1050mil","2240mil","T","0",""
"Q634","1050mil","2310mil","1050mil","2310mil","1050mil","2310mil","T","0",""
"Q635","1050mil","2380mil","1050mil","2380mil","1050mil","2380mil","T","0",""
"Q636","1050mil","2450mil","1050mil","2450mil","1050mil","2450mil","T","0",""
"Q637","1050mil","2520mil","1050mil","2520mil","1050mil","2520mil","T","0",""
"Q638","1050mil","2590mil","1050mil","2590mil","1050mil","2590mil","T","0",""
"Q639","1050mil","2660mil","1050mil","2660mil","1050mil","2660mil","T","0",""
"Q640","1050mil","2730mil","1050mil","2730mil","1050mil","2730mil","T","0",""
"Q641","1120mil","0mil","1120mil","0mil","1120mil","0mil","T","0",""
"Q642","1120mil","70mil","1120mil","70mil","1120mil","70mil","T","0",""
"Q643","1120mil","140mil","1120mil","140mil","1120mil","140mil","T","0",""
"Q644","1120mil","210mil","1120mil","210mil","1120mil","210mil","T","0",""
"Q645","1120mil","280mil","1120mil","280mil","1120mil","280mil","T","0",""
"Q646","1120mil","350mil","1120mil","350mil","1120mil","350mil","T","0",""
"Q647","1120mil","420mil","1120mil","420mil","1120mil","420mil","T","0",""
"Q648","1120mil","490mil","1120mil","490mil","1120mil","490mil","T","0",""
"Q649","1120mil","560mil","1120mil","560mil","1120mil","560mil","T","0",""
"Q650","1120mil","630mil","1120mil","630mil","1120mil","630mil","T","0",""
"Q651","1120mil","700mil","1120mil","700mil","1120mil","700mil","T","0",""
"Q652","1120mil","770mil","1120mil","770mil","1120mil","770mil","T","0",""
"Q653","1120mil","840mil","1120mil","840mil","1120mil","840mil","T","0",""
"Q654","1120mil","910mil","1120mil","910mil","1120mil","910mil","T","0",""
"Q655","1120mil","980mil","1120mil","980mil","1120mil","980mil","T","0",""
"Q656","1120mil","1050mil","1120mil","1050mil","1120mil","1050mil","T","0",""
"Q657","1120mil","1120mil","1120mil","1120mil","1120mil","1120mil","T","0",""
"Q658","1120mil","1190mil","1120mil","1190mil","1120mil","1190mil","T","0",""
"Q659","1120mil","1260mil","1120mil","1260mil","1120mil","1260mil","T","0",""
"Q660","1120mil","1330mil","1120mil","1330mil","1120mil","1330mil","T","0",""
"Q661","1120mil","1400mil","1120mil","1400mil","1120mil","1400mil","T","0",""
"Q662","1120mil","1470mil","1120mil","1470mil","1120mil","1470mil","T","0",""
"Q663","1120mil","1540mil","1120mil","1540mil","1120mil","1540mil","T","0",""
"Q664","1120mil","1610mil","1120mil","1610mil","1120mil","1610mil","T","0",""
"Q665","1120mil","1680mil","1120mil","1680mil","1120mil","1680mil","T","0",""
"Q666","1120mil","1750mil","1120mil","1750mil","1120mil","1750mil","T","0",""
"Q667","1120mil","1820mil","1120mil","1820mil","1120mil","1820mil","T","0",""
"Q668","1120mil","1890mil","1120mil","1890mil","1120mil","1890mil","T","0",""
"Q669","1120mil","1960mil","1120mil","1960mil","1120mil","1960mil","T","0",""
"Q670","1120mil","2030mil","1120mil","2030mil","1120mil","2030mil","T","0",""
"Q671","1120mil","2100mil","1120mil","2100mil","1120mil","2100mil","T","0",""
"Q672","1120mil","2170mil","1120mil","2170mil","1120mil","2170mil","T","0",""
"Q673","1120mil","2240mil","1120mil","2240mil","1120mil","2240mil","T","0",""
"Q674","1120mil","2310mil","1120mil","2310mil","1120mil","2310mil","T","0",""
"Q675","1120mil","2380mil","1120mil","2380mil","1120mil","2380mil","T","0",""
"Q676","1120mil","2450mil","1120mil","2450mil","1120mil","2450mil","T","0",""
"Q677","1120mil","2520mil","1120mil","2520mil","1120mil","2520mil","T","0",""
"Q678","1120mil","2590mil","1120mil","2590mil","1120mil","2590mil","T","0",""
"Q679","1120mil","2660mil","1120mil","2660mil","1120mil","2660mil","T","0",""
"Q680","1120mil","2730mil","1120mil","2730mil","1120mil","2730mil","T","0",""
"Q681","1190mil","0mil","1190mil","0mil","1190mil","0mil","T","0",""
"Q682","1190mil","70mil","1190mil","70mil","1190mil","70mil","T","0",""
"Q683","1190mil","140mil","1190mil","140mil","1190mil","140mil","T","0",""
"Q684","1190mil","210mil","1190mil","210mil","1190mil","210mil","T","0",""
"Q685","1190mil","280mil","1190mil","280mil","1190mil","280mil","T","0",""
"Q686","1190mil","350mil","1190mil","350mil","1190mil","350mil","T","0",""
"Q687","1190mil","420mil","1190mil","420mil","1190mil","420mil","T","0",""
"Q688","1190mil","490mil","1190mil","490mil","1190mil","490mil","T","0",""
"Q689","1190mil","560mil","1190mil","560mil","1190mil","560mil","T","0",""
"Q690","1190mil","630mil","1190mil","630mil","1190mil","630mil","T","0",""
"Q691","1190mil","700mil","1190mil","700mil","1190mil","700mil","T","0",""
"Q692","1190mil","770mil","1190mil","770mil","1190mil","770mil","T","0",""
"Q693","1190mil","840mil","1190mil","840mil","1190mil","840mil","T","0",""
"Q694","1190mil","910mil","1190mil","910mil","1190mil","910mil","T","0",""
"Q695","1190mil","980mil","1190mil","980mil","1190mil","980mil","T","0",""
"Q696","1190mil","1050mil","1190mil","1050mil","1190mil","1050mil","T","0",""
"Q697","1190mil","1120mil","1190mil","1120mil","1190mil","1120mil","T","0",""
"Q698","1190mil","1190mil","1190mil","1190mil","1190mil","1190mil","T","0",""
"Q699","1190mil","1260mil","1190mil","1260mil","1190mil","1260mil","T","0",""
"Q700","1190mil","1330mil","1190mil","1330mil","1190mil","1330mil","T","0",""
"Q701","1190mil","1400mil","1190mil","1400mil","1190mil","1400mil","T","0",""
"Q702","1190mil","1470mil","1190mil","1470mil","1190mil","1470mil","T","0",""
"Q703","1190mil","1540mil","1190mil","1540mil","1190mil","1540mil","T","0",""
"Q704","1190mil","1610mil","1190mil","1610mil","1190mil","1610mil","T","0",""
"Q705","1190mil","1680mil","1190mil","1680mil","1190mil","1680mil","T","0",""
"Q706","1190mil","1750mil","1190mil","1750mil","1190mil","1750mil","T","0",""
"Q707","1190mil","1820mil","1190mil","1820mil","1190mil","1820mil","T","0",""
"Q708","1190mil","1890mil","1190mil","1890mil","1190mil","1890mil","T","0",""
"Q709","1190mil","1960mil","1190mil","1960mil","1190mil","1960mil","T","0",""
"Q710","1190mil","2030mil","1190mil","2030mil","1190mil","2030mil","T","0",""
"Q711","1190mil","2100mil","1190mil","2100mil","1190mil","2100mil","T","0",""
"Q712","1190mil","2170mil","1190mil","2170mil","1190mil","2170mil","T","0",""
"Q713","1190mil","2240mil","1190mil","2240mil","1190mil","2240mil","T","0",""
"Q714","1190mil","2310mil","1190mil","2310mil","1190mil","2310mil","T","0",""
"Q715","1190mil","2380mil","1190mil","2380mil","1190mil","2380mil","T","0",""
"Q716","1190mil","2450mil","1190mil","2450mil","1190mil","2450mil","T","0",""
"Q717","1190mil","2520mil","1190mil","2520mil","1190mil","2520mil","T","0",""
"Q718","1190mil","2590mil","1190mil","2590mil","1190mil","2590mil","T","0",""
"Q719","1190mil","2660mil","1190mil","2660mil","1190mil","2660mil","T","0",""
"Q720","1190mil","2730mil","1190mil","2730mil","1190mil","2730mil","T","0",""
"Q721","1260mil","0mil","1260mil","0mil","1260mil","0mil","T","0",""
"Q722","1260mil","70mil","1260mil","70mil","1260mil","70mil","T","0",""
"Q723","1260mil","140mil","1260mil","140mil","1260mil","140mil","T","0",""
"Q724","1260mil","210mil","1260mil","210mil","1260mil","210mil","T","0",""
"Q725","1260mil","280mil","1260mil","280mil","1260mil","280mil","T","0",""
"Q726","1260mil","350mil","1260mil","350mil","1260mil","350mil","T","0",""
"Q727","1260mil","420mil","1260mil","420mil","1260mil","420mil","T","0",""
"Q728","1260mil","490mil","1260mil","490mil","1260mil","490mil","T","0",""
"Q729","1260mil","560mil","1260mil","560mil","1260mil","560mil","T","0",""
"Q730","1260mil","630mil","1260mil","630mil","1260mil","630mil","T","0",""
"Q731","1260mil","700mil","1260mil","700mil","1260mil","700mil","T","0",""
"Q732","1260mil","770mil","1260mil","770mil","1260mil","770mil","T","0",""
"Q733","1260mil","840mil","1260mil","840mil","1260mil","840mil","T","0",""
"Q734","1260mil","910mil","1260mil","910mil","1260mil","910mil","T","0",""
"Q735","1260mil","980mil","1260mil","980mil","1260mil","980mil","T","0",""
"Q736","1260mil","1050mil","1260mil","1050mil","1260mil","1050mil","T","0",""
"Q737","1260mil","1120mil","1260mil","1120mil","1260mil","1120mil","T","0",""
"Q738","1260mil","1190mil","1260mil","1190mil","1260mil","1190mil","T","0",""
"Q739","1260mil","1260mil","1260mil","1260mil","1260mil","1260mil","T","0",""
"Q740","1260mil","1330mil","1260mil","1330mil","1260mil","1330mil","T","0",""
"Q741","1260mil","1400mil","1260mil","1400mil","1260mil","1400mil","T","0",""
"Q742","1260mil","1470mil","1260mil","1470mil","1260mil","1470mil","T","0",""
"Q743","1260mil","1540mil","1260mil","1540mil","1260mil","1540mil","T","0",""
"Q744","1260mil","1610mil","1260mil","1610mil","1260mil","1610mil","T","0",""
"Q745","1260mil","1680mil","1260mil","1680mil","1260mil","1680mil","T","0",""
"Q746","1260mil","1750mil","1260mil","1750mil","1260mil","1750mil","T","0",""
"Q747","1260mil","1820mil","1260mil","1820mil","1260mil","1820mil","T","0",""
"Q748","1260mil","1890mil","1260mil","1890mil","1260mil","1890mil","T","0",""
"Q749","1260mil","1960mil","1260mil","1960mil","1260mil","1960mil","T","0",""
"Q750","1260mil","2030mil","1260mil","2030mil","1260mil","2030mil","T","0",""
"Q751","1260mil","2100mil","1260mil","2100mil","1260mil","2100mil","T","0",""
"Q752","1260mil","2170mil","1260mil","2170mil","1260mil","2170mil","T","0",""
"Q753","1260mil","2240mil","1260mil","2240mil","1260mil","2240mil","T","0",""
"Q754","1260mil","2310mil","1260mil","2310mil","1260mil","2310mil","T","0",""
"Q755","1260mil","2380mil","1260mil","2380mil","1260mil","2380mil","T","0",""
"Q756","1260mil","2450mil","1260mil","2450mil","1260mil","2450mil","T","0",""
"Q757","1260mil","2520mil","1260mil","2520mil","1260mil","2520mil","T","0",""
"Q758","1260mil","2590mil","1260mil","2590mil","1260mil","2590mil","T","0",""
"Q759","1260mil","2660mil","1260mil","2660mil","1260mil","2660mil","T","0",""
"Q760","1260mil","2730mil","1260mil","2730mil","1260mil","2730mil","T","0",""
"Q761","1330mil","0mil","1330mil","0mil","1330mil","0mil","T","0",""
"Q762","1330mil","70mil","1330mil","70mil","1330mil","70mil","T","0",""
"Q763","1330mil","140mil","1330mil","140mil","1330mil","140mil","T","0",""
"Q764","1330mil","210mil","1330mil","210mil","1330mil","210mil","T","0",""
"Q765","1330mil","280mil","1330mil","280mil","1330mil","280mil","T","0",""
"Q766","1330mil","350mil","1330mil","350mil","1330mil","350mil","T","0",""
"Q767","1330mil","420mil","1330mil","420mil","1330mil","420mil","T","0",""
"Q768","1330mil","490mil","1330mil","490mil","1330mil","490mil","T","0",""
"Q769","1330mil","560mil","1330mil","560mil","1330mil","560mil","T","0",""
"Q770","1330mil","630mil","1330mil","630mil","1330mil","630mil","T","0",""
"Q771","1330mil","700mil","1330mil","700mil","1330mil","700mil","T","0",""
"Q772","1330mil","770mil","1330mil","770mil","1330mil","770mil","T","0",""
"Q773","1330mil","840mil","1330mil","840mil","1330mil","840mil","T","0",""
"Q774","1330mil","910mil","1330mil","910mil","1330mil","910mil","T","0",""
"Q775","1330mil","980mil","1330mil","980mil","1330mil","980mil","T","0",""
"Q776","1330mil","1050mil","1330mil","1050mil","1330mil","1050mil","T","0",""
"Q777","1330mil","1120mil","1330mil","1120mil","1330mil","1120mil","T","0",""
"Q778","1330mil","1190mil","1330mil","1190mil","1330mil","1190mil","T","0",""
"Q779","1330mil","1260mil","1330mil","1260mil","1330mil","1260mil","T","0",""
"Q780","1330mil","1330mil","1330mil","1330mil","1330mil","1330mil","T","0",""
"Q781","1330mil","1400mil","1330mil","1400mil","1330mil","1400mil","T","0",""
"Q782","1330mil","1470mil","1330mil","1470mil","1330mil","1470mil","T","0",""
"Q783","1330mil","1540mil","1330mil","1540mil","1330mil","1540mil","T","0",""
"Q784","1330mil","1610mil","1330mil","1610mil","1330mil","1610mil","T","0",""
"Q785","1330mil","1680mil","1330mil","1680mil","1330mil","1680mil","T","0",""
"Q786","1330mil","1750mil","1330mil","1750mil","1330mil","1750mil","T","0",""
"Q787","1330mil","1820mil","1330mil","1820mil","1330mil","1820mil","T","0",""
"Q788","1330mil","1890mil","1330mil","1890mil","1330mil","1890mil","T","0",""
"Q789","1330mil","1960mil","1330mil","1960mil","1330mil","1960mil","T","0",""
"Q790","1330mil","2030mil","1330mil","2030mil","1330mil","2030mil","T","0",""
"Q791","1330mil","2100mil","1330mil","2100mil","1330mil","2100mil","T","0",""
"Q792","1330mil","2170mil","1330mil","2170mil","1330mil","2170mil","T","0",""
"Q793","1330mil","2240mil","1330mil","2240mil","1330mil","2240mil","T","0",""
"Q794","1330mil","2310mil","1330mil","2310mil","1330mil","2310mil","T","0",""
"Q795","1330mil","2380mil","1330mil","2380mil","1330mil","2380mil","T","0",""
"Q796","1330mil","2450mil","1330mil","2450mil","1330mil","2450mil","T","0",""
"Q797","1330mil","2520mil","1330mil","2520mil","1330mil","2520mil","T","0",""
"Q798","1330mil","2590mil","1330mil","2590mil","1330mil","2590mil","T","0",""
"Q799","1330mil","2660mil","1330mil","2660mil","1330mil","2660mil","T","0",""
"Q800","1330mil","2730mil","1330mil","2730mil","1330mil","2730mil","T","0",""
"Q801","1400mil","0mil","1400mil","0mil","1400mil","0mil","T","0",""
"Q802","1400mil","70mil","1400mil","70mil","1400mil","70mil","T","0",""
"Q803","1400mil","140mil","1400mil","140mil","1400mil","140mil","T","0",""
"Q804","1400mil","210mil","1400mil","210mil","1400mil","210mil","T","0",""
"Q805","1400mil","280mil","1400mil","280mil","1400mil","280mil","T","0",""
"Q806","1400mil","350mil","1400mil","350mil","1400mil","350mil","T","0",""
"Q807","1400mil","420mil","1400mil","420mil","1400mil","420mil","T","0",""
"Q808","1400mil","490mil","1400mil","490mil","1400mil","490mil","T","0",""
"Q809","1400mil","560mil","1400mil","560mil","1400mil","560mil","T","0",""
"Q810","1400mil","630mil","1400mil","630mil","1400mil","630mil","T","0",""
"Q811","1400mil","700mil","1400mil","700mil","1400mil","700mil","T","0",""
"Q812","1400mil","770mil","1400mil","770mil","1400mil","770mil","T","0",""
"Q813","1400mil","840mil","1400mil","840mil","1400mil","840mil","T","0",""
"Q814","1400mil","910mil","1400mil","910mil","1400mil","910mil","T","0",""
"Q815","1400mil","980mil","1400mil","980mil","1400mil","980mil","T","0",""
"Q816","1400mil","1050mil","1400mil","1050mil","1400mil","1050mil","T","0",""
"Q817","1400mil","1120mil","1400mil","1120mil","1400mil","1120mil","T","0",""
"Q818","1400mil","1190mil","1400mil","1190mil","1400mil","1190mil","T","0",""
"Q819","1400mil","1260mil","1400mil","1260mil","1400mil","1260mil","T","0",""
"Q820","1400mil","1330mil","1400mil","1330mil","1400mil","1330mil","T","0",""
"Q821","1400mil","1400mil","1400mil","1400mil","1400mil","1400mil","T","0",""
"Q822","1400mil","1470mil","1400mil","1470mil","1400mil","1470mil","T","0",""
"Q823","1400mil","1540mil","1400mil","1540mil","1400mil","1540mil","T","0",""
"Q824","1400mil","1610mil","1400mil","1610mil","1400mil","1610mil","T","0",""
"Q825","1400mil","1680mil","1400mil","1680mil","1400mil","1680mil","T","0",""
"Q826","1400mil","1750mil","1400mil","1750mil","1400mil","1750mil","T","0",""
"Q827","1400mil","1820mil","1400mil","1820mil","1400mil","1820mil","T","0",""
"Q828","1400mil","1890mil","1400mil","1890mil","1400mil","1890mil","T","0",""
"Q829","1400mil","1960mil","1400mil","1960mil","1400mil","1960mil","T","0",""
"Q830","1400mil","2030mil","1400mil","2030mil","1400mil","2030mil","T","0",""
"Q831","1400mil","2100mil","1400mil","2100mil","1400mil","2100mil","T","0",""
"Q832","1400mil","2170mil","1400mil","2170mil","1400mil","2170mil","T","0",""
"Q833","1400mil","2240mil","1400mil","2240mil","1400mil","2240mil","T","0",""
"Q834","1400mil","2310mil","1400mil","2310mil","1400mil","2310mil","T","0",""
"Q835","1400mil","2380mil","1400mil","2380mil","1400mil","2380mil","T","0",""
"Q836","1400mil","2450mil","1400mil","2450mil","1400mil","2450mil","T","0",""
"Q837","1400mil","2520mil","1400mil","2520mil","1400mil","2520mil","T","0",""
"Q838","1400mil","2590mil","1400mil","2590mil","1400mil","2590mil","T","0",""
"Q839","1400mil","2660mil","1400mil","2660mil","1400mil","2660mil","T","0",""
"Q840","1400mil","2730mil","1400mil","2730mil","1400mil","2730mil","T","0",""
"Q841","1470mil","0mil","1470mil","0mil","1470mil","0mil","T","0",""
"Q842","1470mil","70mil","1470mil","70mil","1470mil","70mil","T","0",""
"Q843","1470mil","140mil","1470mil","140mil","1470mil","140mil","T","0",""
"Q844","1470mil","210mil","1470mil","210mil","1470mil","210mil","T","0",""
"Q845","1470mil","280mil","1470mil","280mil","1470mil","280mil","T","0",""
"Q846","1470mil","350mil","1470mil","350mil","1470mil","350mil","T","0",""
"Q847","1470mil","420mil","1470mil","420mil","1470mil","420mil","T","0",""
"Q848","1470mil","490mil","1470mil","490mil","1470mil","490mil","T","0",""
"Q849","1470mil","560mil","1470mil","560mil","1470mil","560mil","T","0",""
"Q850","1470mil","630mil","1470mil","630mil","1470mil","630mil","T","0",""
"Q851","1470mil","700mil","1470mil","700mil","1470mil","700mil","T","0",""
"Q852","1470mil","770mil","1470mil","770mil","1470mil","770mil","T","0",""
"Q853","1470mil","840mil","1470mil","840mil","1470mil","840mil","T","0",""
"Q854","1470mil","910mil","1470mil","910mil","1470mil","910mil","T","0",""
"Q855","1470mil","980mil","1470mil","980mil","1470mil","980mil","T","0",""
"Q856","1470mil","1050mil","1470mil","1050mil","1470mil","1050mil","T","0",""
"Q857","1470mil","1120mil","1470mil","1120mil","1470mil","1120mil","T","0",""
"Q858","1470mil","1190mil","1470mil","1190mil","1470mil","1190mil","T","0",""
"Q859","1470mil","1260mil","1470mil","1260mil","1470mil","1260mil","T","0",""
"Q860","1470mil","1330mil","1470mil","1330mil","1470mil","1330mil","T","0",""
"Q861","1470mil","1400mil","1470mil","1400mil","1470mil","1400mil","T","0",""
"Q862","1470mil","1470mil","1470mil","1470mil","1470mil","1470mil","T","0",""
"Q863","1470mil","1540mil","1470mil","1540mil","1470mil","1540mil","T","0",""
"Q864","1470mil","1610mil","1470mil","1610mil","1470mil","1610mil","T","0",""
"Q865","1470mil","1680mil","1470mil","1680mil","1470mil","1680mil","T","0",""
"Q866","1470mil","1750mil","1470mil","1750mil","1470mil","1750mil","T","0",""
"Q867","1470mil","1820mil","1470mil","1820mil","1470mil","1820mil","T","0",""
"Q868","1470mil","1890mil","1470mil","1890mil","1470mil","1890mil","T","0",""
"Q869","1470mil","1960mil","1470mil","1960mil","1470mil","1960mil","T","0",""
"Q870","1470mil","2030mil","1470mil","2030mil","1470mil","2030mil","T","0",""
"Q871","1470mil","2100mil","1470mil","2100mil","1470mil","2100mil","T","0",""
"Q872","1470mil","2170mil","1470mil","2170mil","1470mil","2170mil","T","0",""
"Q873","1470mil","2240mil","1470mil","2240mil","1470mil","2240mil","T","0",""
"Q874","1470mil","2310mil","1470mil","2310mil","1470mil","2310mil","T","0",""
"Q875","1470mil","2380mil","1470mil","2380mil","1470mil","2380mil","T","0",""
"Q876","1470mil","2450mil","1470mil","2450mil","1470mil","2450mil","T","0",""
"Q877","1470mil","2520mil","1470mil","2520mil","1470mil","2520mil","T","0",""
"Q878","1470mil","2590mil","1470mil","2590mil","1470mil","2590mil","T","0",""
"Q879","1470mil","2660mil","1470mil","2660mil","1470mil","2660mil","T","0",""
"Q880","1470mil","2730mil","1470mil","2730mil","1470mil","2730mil","T","0",""
"Q881","1540mil","0mil","1540mil","0mil","1540mil","0mil","T","0",""
"Q882","1540mil","70mil","1540mil","70mil","1540mil","70mil","T","0",""
"Q883","1540mil","140mil","1540mil","140mil","1540mil","140mil","T","0",""
"Q884","1540mil","210mil","1540mil","210mil","1540mil","210mil","T","0",""
"Q885","1540mil","280mil","1540mil","280mil","1540mil","280mil","T","0",""
"Q886","1540mil","350mil","1540mil","350mil","1540mil","350mil","T","0",""
"Q887","1540mil","420mil","1540mil","420mil","1540mil","420mil","T","0",""
"Q888","1540mil","490mil","1540mil","490mil","1540mil","490mil","T","0",""
"Q889","1540mil","560mil","1540mil","560mil","1540mil","560mil","T","0",""
"Q890","1540mil","630mil","1540mil","630mil","1540mil","630mil","T","0",""
"Q891","1540mil","700mil","1540mil","700mil","1540mil","700mil","T","0",""
"Q892","1540mil","770mil","1540mil","770mil","1540mil","770mil","T","0",""
"Q893","1540mil","840mil","1540mil","840mil","1540mil","840mil","T","0",""
"Q894","1540mil","910mil","1540mil","910mil","1540mil","910mil","T","0",""
"Q895","1540mil","980mil","1540mil","980mil","1540mil","980mil","T","0",""
"Q896","1540mil","1050mil","1540mil","1050mil","1540mil","1050mil","T","0",""
"Q897","1540mil","1120mil","1540mil","1120mil","1540mil","1120mil","T","0",""
"Q898","1540mil","1190mil","1540mil","1190mil","1540mil","1190mil","T","0",""
"Q899","1540mil","1260mil","1540mil","1260mil","1540mil","1260mil","T","0",""
"Q900","1540mil","1330mil","1540mil","1330mil","1540mil","1330mil","T","0",""
"Q901","1540mil","1400mil","1540mil","1400mil","1540mil","1400mil","T","0",""
"Q902","1540mil","1470mil","1540mil","1470mil","1540mil","1470mil","T","0",""
"Q903","1540mil","1540mil","1540mil","1540mil","1540mil","1540mil","T","0",""
"Q904","1540mil","1610mil","1540mil","1610mil","1540mil","1610mil","T","0",""
"Q905","1540mil","1680mil","1540mil","1680mil","1540mil","1680mil","T","0",""
"Q906","1540mil","1750mil","1540mil","1750mil","1540mil","1750mil","T","0",""
"Q907","1540mil","1820mil","1540mil","1820mil","1540mil","1820mil","T","0",""
"Q908","1540mil","1890mil","1540mil","1890mil","1540mil","1890mil","T","0",""
"Q909","1540mil","1960mil","1540mil","1960mil","1540mil","1960mil","T","0",""
"Q910","1540mil","2030mil","1540mil","2030mil","1540mil","2030mil","T","0",""
"Q911","1540mil","2100mil","1540mil","2100mil","1540mil","2100mil","T","0",""
"Q912","1540mil","2170mil","1540mil","2170mil","1540mil","2170mil","T","0",""
"Q913","1540mil","2240mil","1540mil","2240mil","1540mil","2240mil","T","0",""
"Q914","1540mil","2310mil","1540mil","2310mil","1540mil","2310mil","T","0",""
"Q915","1540mil","2380mil","1540mil","2380mil","1540mil","2380mil","T","0",""
"Q916","1540mil","2450mil","1540mil","2450mil","1540mil","2450mil","T","0",""
"Q917","1540mil","2520mil","1540mil","2520mil","1540mil","2520mil","T","0",""
"Q918","1540mil","2590mil","1540mil","2590mil","1540mil","2590mil","T","0",""
"Q919","1540mil","2660mil","1540mil","2660mil","1540mil","2660mil","T","0",""
"Q920","1540mil","2730mil","1540mil","2730mil","1540mil","2730mil","T","0",""
"Q921","1610mil","0mil","1610mil","0mil","1610mil","0mil","T","0",""
"Q922","1610mil","70mil","1610mil","70mil","1610mil","70mil","T","0",""
"Q923","1610mil","140mil","1610mil","140mil","1610mil","140mil","T","0",""
"Q924","1610mil","210mil","1610mil","210mil","1610mil","210mil","T","0",""
"Q925","1610mil","280mil","1610mil","280mil","1610mil","280mil","T","0",""
"Q926","1610mil","350mil","1610mil","350mil","1610mil","350mil","T","0",""
"Q927","1610mil","420mil","1610mil","420mil","1610mil","420mil","T","0",""
"Q928","1610mil","490mil","1610mil","490mil","1610mil","490mil","T","0",""
"Q929","1610mil","560mil","1610mil","560mil","1610mil","560mil","T","0",""
"Q930","1610mil","630mil","1610mil","630mil","1610mil","630mil","T","0",""
"Q931","1610mil","700mil","1610mil","700mil","1610mil","700mil","T","0",""
"Q932","1610mil","770mil","1610mil","770mil","1610mil","770mil","T","0",""
"Q933","1610mil","840mil","1610mil","840mil","1610mil","840mil","T","0",""
"Q934","1610mil","910mil","1610mil","910mil","1610mil","910mil","T","0",""
"Q935","1610mil","980mil","1610mil","980mil","1610mil","980mil","T","0",""
"Q936","1610mil","1050mil","1610mil","1050mil","1610mil","1050mil","T","0",""
"Q937","1610mil","1120mil","1610mil","1120mil","1610mil","1120mil","T","0",""
"Q938","1610mil","1190mil","1610mil","1190mil","1610mil","1190mil","T","0",""
"Q939","1610mil","1260mil","1610mil","1260mil","1610mil","1260mil","T","0",""
"Q940","1610mil","1330mil","1610mil","1330mil","1610mil","1330mil","T","0",""
"Q941","1610mil","1400mil","1610mil","1400mil","1610mil","1400mil","T","0",""
"Q942","1610mil","1470mil","1610mil","1470mil","1610mil","1470mil","T","0",""
"Q943","1610mil","1540mil","1610mil","1540mil","1610mil","1540mil","T","0",""
"Q944","1610mil","1610mil","1610mil","1610mil","1610mil","1610mil","T","0",""
"Q945","1610mil","1680mil","1610mil","1680mil","1610mil","1680mil","T","0",""
"Q946","1610mil","1750mil","1610mil","1750mil","1610mil","1750mil","T","0",""
"Q947","1610mil","1820mil","1610mil","1820mil","1610mil","1820mil","T","0",""
"Q948","1610mil","1890mil","1610mil","1890mil","1610mil","1890mil","T","0",""
"Q949","1610mil","1960mil","1610mil","1960mil","1610mil","1960mil","T","0",""
"Q950","1610mil","2030mil","1610mil","2030mil","1610mil","2030mil","T","0",""
"Q951","1610mil","2100mil","1610mil","2100mil","1610mil","2100mil","T","0",""
"Q952","1610mil","2170mil","1610mil","2170mil","1610mil","2170mil","T","0",""
"Q953","1610mil","2240mil","1610mil","2240mil","1610mil","2240mil","T","0",""
"Q954","1610mil","2310mil","1610mil","2310mil","1610mil","2310mil","T","0",""
"Q955","1610mil","2380mil","1610mil","2380mil","1610mil","2380mil","T","0",""
"Q956","1610mil","2450mil","1610mil","2450mil","1610mil","2450mil","T","0",""
"Q957","1610mil","2520mil","1610mil","2520mil","1610mil","2520mil","T","0",""
"Q958","1610mil","2590mil","1610mil","2590mil","1610mil","2590mil","T","0",""
"Q959","1610mil","2660mil","1610mil","2660mil","1610mil","2660mil","T","0",""
"Q960","1610mil","2730mil","1610mil","2730mil","1610mil","2730mil","T","0",""
"Q961","1680mil","0mil","1680mil","0mil","1680mil","0mil","T","0",""
"Q962","1680mil","70mil","1680mil","70mil","1680mil","70mil","T","0",""
"Q963","1680mil","140mil","1680mil","140mil","1680mil","140mil","T","0",""
"Q964","1680mil","210mil","1680mil","210mil","1680mil","210mil","T","0",""
"Q965","1680mil","280mil","1680mil","280mil","1680mil","280mil","T","0",""
"Q966","1680mil","350mil","1680mil","350mil","1680mil","350mil","T","0",""
"Q967","1680mil","420mil","1680mil","420mil","1680mil","420mil","T","0",""
"Q968","1680mil","490mil","1680mil","490mil","1680mil","490mil","T","0",""
"Q969","1680mil","560mil","1680mil","560mil","1680mil","560mil","T","0",""
"Q970","1680mil","630mil","1680mil","630mil","1680mil","630mil","T","0",""
"Q971","1680mil","700mil","1680mil","700mil","1680mil","700mil","T","0",""
"Q972","1680mil","770mil","1680mil","770mil","1680mil","770mil","T","0",""
"Q973","1680mil","840mil","1680mil","840mil","1680mil","840mil","T","0",""
"Q974","1680mil","910mil","1680mil","910mil","1680mil","910mil","T","0",""
"Q975","1680mil","980mil","1680mil","980mil","1680mil","980mil","T","0",""
"Q976","1680mil","1050mil","1680mil","1050mil","1680mil","1050mil","T","0",""
"Q977","1680mil","1120mil","1680mil","1120mil","1680mil","1120mil","T","0",""
"Q978","1680mil","1190mil","1680mil","1190mil","1680mil","1190mil","T","0",""
"Q979","1680mil","1260mil","1680mil","1260mil","1680mil","1260mil","T","0",""
"Q980","1680mil","1330mil","1680mil","1330mil","1680mil","1330mil","T","0",""
"Q981","1680mil","1400mil","1680mil","1400mil","1680mil","1400mil","T","0",""
"Q982","1680mil","1470mil","1680mil","1470mil","1680mil","1470mil","T","0",""
"Q983","1680mil","1540mil","1680mil","1540mil","1680mil","1540mil","T","0",""
"Q984","1680mil","1610mil","1680mil","1610mil","1680mil","1610mil","T","0",""
"Q985","1680mil","1680mil","1680mil","1680mil","1680mil","1680mil","T","0",""
"Q986","1680mil","1750mil","1680mil","1750mil","1680mil","1750mil","T","0",""
"Q987","1680mil","1820mil","1680mil","1820mil","1680mil","1820mil","T","0",""
"Q988","1680mil","1890mil","1680mil","1890mil","1680mil","1890mil","T","0",""
"Q989","1680mil","1960mil","1680mil","1960mil","1680mil","1960mil","T","0",""
"Q990","1680mil","2030mil","1680mil","2030mil","1680mil","2030mil","T","0",""
"Q991","1680mil","2100mil","1680mil","2100mil","1680mil","2100mil","T","0",""
"Q992","1680mil","2170mil","1680mil","2170mil","1680mil","2170mil","T","0",""
"Q993","1680mil","2240mil","1680mil","2240mil","1680mil","2240mil","T","0",""
"Q994","1680mil","2310mil","1680mil","2310mil","1680mil","2310mil","T","0",""
"Q995","1680mil","2380mil","1680mil","2380mil","1680mil","2380mil","T","0",""
"Q996","1680mil","2450mil","1680mil","2450mil","1680mil","2450mil","T","0",""
"Q997","1680mil","2520mil","1680mil","2520mil","1680mil","2520mil","T","0",""
"Q998","1680mil","2590mil","1680mil","2590mil","1680mil","2590mil","T","0",""
"Q999","1680mil","2660mil","1680mil","2660mil","1680mil","2660mil","T","0",""
"Q1000","1680mil","2730mil","1680mil","2730mil","1680mil","2730mil","T","0",""
"Q1001","1750mil","0mil","1750mil","0mil","1750mil","0mil","T","0",""
"Q1002","1750mil","70mil","1750mil","70mil","1750mil","70mil","T","0",""
"Q1003","1750mil","140mil","1750mil","140mil","1750mil","140mil","T","0",""
"Q1004","1750mil","210mil","1750mil","210mil","1750mil","210mil","T","0",""
"Q1005","1750mil","280mil","1750mil","280mil","1750mil","280mil","T","0",""
"Q1006","1750mil","350mil","1750mil","350mil","1750mil","350mil","T","0",""
"Q1007","1750mil","420mil","1750mil","420mil","1750mil","420mil","T","0",""
"Q1008","1750mil","490mil","1750mil","490mil","1750mil","490mil","T","0",""
"Q1009","1750mil","560mil","1750mil","560mil","1750mil","560mil","T","0",""
"Q1010","1750mil","630mil","1750mil","630mil","1750mil","630mil","T","0",""
"Q1011","1750mil","700mil","1750mil","700mil","1750mil","700mil","T","0",""
"Q1012","1750mil","770mil","1750mil","770mil","1750mil","770mil","T","0",""
"Q1013","1750mil","840mil","1750mil","840mil","1750mil","840mil","T","0",""
"Q1014","1750mil","910mil","1750mil","910mil","1750mil","910mil","T","0",""
"Q1015","1750mil","980mil","1750mil","980mil","1750mil","980mil","T","0",""
"Q1016","1750mil","1050mil","1750mil","1050mil","1750mil","1050mil","T","0",""
"Q1017","1750mil","1120mil","1750mil","1120mil","1750mil","1120mil","T","0",""
"Q1018","1750mil","1190mil","1750mil","1190mil","1750mil","1190mil","T","0",""
"Q1019","1750mil","1260mil","1750mil","1260mil","1750mil","1260mil","T","0",""
"Q1020","1750mil","1330mil","1750mil","1330mil","1750mil","1330mil","T","0",""
"Q1021","1750mil","1400mil","1750mil","1400mil","1750mil","1400mil","T","0",""
"Q1022","1750mil","1470mil","1750mil","1470mil","1750mil","1470mil","T","0",""
"Q1023","1750mil","1540mil","1750mil","1540mil","1750mil","1540mil","T","0",""
"Q1024","1750mil","1610mil","1750mil","1610mil","1750mil","1610mil","T","0",""
"Q1025","1750mil","1680mil","1750mil","1680mil","1750mil","1680mil","T","0",""
"Q1026","1750mil","1750mil","1750mil","1750mil","1750mil","1750mil","T","0",""
"Q1027","1750mil","1820mil","1750mil","1820mil","1750mil","1820mil","T","0",""
"Q1028","1750mil","1890mil","1750mil","1890mil","1750mil","1890mil","T","0",""
"Q1029","1750mil","1960mil","1750mil","1960mil","1750mil","1960mil","T","0",""
"Q1030","1750mil","2030mil","1750mil","2030mil","1750mil","2030mil","T","0",""
"Q1031","1750mil","2100mil","1750mil","2100mil","1750mil","2100mil","T","0",""
"Q1032","1750mil","2170mil","1750mil","2170mil","1750mil","2170mil","T","0",""
"Q1033","1750mil","2240mil","1750mil","2240mil","1750mil","2240mil","T","0",""
"Q1034","1750mil","2310mil","1750mil","2310mil","1750mil","2310mil","T","0",""
"Q1035","1750mil","2380mil","1750mil","2380mil","1750mil","2380mil","T","0",""
"Q1036","1750mil","2450mil","1750mil","2450mil","1750mil","2450mil","T","0",""
"Q1037","1750mil","2520mil","1750mil","2520mil","1750mil","2520mil","T","0",""
"Q1038","1750mil","2590mil","1750mil","2590mil","1750mil","2590mil","T","0",""
"Q1039","1750mil","2660mil","1750mil","2660mil","1750mil","2660mil","T","0",""
"Q1040","1750mil","2730mil","1750mil","2730mil","1750mil","2730mil","T","0",""
"Q1041","1820mil","0mil","1820mil","0mil","1820mil","0mil","T","0",""
"Q1042","1820mil","70mil","1820mil","70mil","1820mil","70mil","T","0",""
"Q1043","1820mil","140mil","1820mil","140mil","1820mil","140mil","T","0",""
"Q1044","1820mil","210mil","1820mil","210mil","1820mil","210mil","T","0",""
"Q1045","1820mil","280mil","1820mil","280mil","1820mil","280mil","T","0",""
"Q1046","1820mil","350mil","1820mil","350mil","1820mil","350mil","T","0",""
"Q1047","1820mil","420mil","1820mil","420mil","1820mil","420mil","T","0",""
"Q1048","1820mil","490mil","1820mil","490mil","1820mil","490mil","T","0",""
"Q1049","1820mil","560mil","1820mil","560mil","1820mil","560mil","T","0",""
"Q1050","1820mil","630mil","1820mil","630mil","1820mil","630mil","T","0",""
"Q1051","1820mil","700mil","1820mil","700mil","1820mil","700mil","T","0",""
"Q1052","1820mil","770mil","1820mil","770mil","1820mil","770mil","T","0",""
"Q1053","1820mil","840mil","1820mil","840mil","1820mil","840mil","T","0",""
"Q1054","1820mil","910mil","1820mil","910mil","1820mil","910mil","T","0",""
"Q1055","1820mil","980mil","1820mil","980mil","1820mil","980mil","T","0",""
"Q1056","1820mil","1050mil","1820mil","1050mil","1820mil","1050mil","T","0",""
"Q1057","1820mil","1120mil","1820mil","1120mil","1820mil","1120mil","T","0",""
"Q1058","1820mil","1190mil","1820mil","1190mil","1820mil","1190mil","T","0",""
"Q1059","1820mil","1260mil","1820mil","1260mil","1820mil","1260mil","T","0",""
"Q1060","1820mil","1330mil","1820mil","1330mil","1820mil","1330mil","T","0",""
"Q1061","1820mil","1400mil","1820mil","1400mil","1820mil","1400mil","T","0",""
"Q1062","1820mil","1470mil","1820mil","1470mil","1820mil","1470mil","T","0",""
"Q1063","1820mil","1540mil","1820mil","1540mil","1820mil","1540mil","T","0",""
"Q1064","1820mil","1610mil","1820mil","1610mil","1820mil","1610mil","T","0",""
"Q1065","1820mil","1680mil","1820mil","1680mil","1820mil","1680mil","T","0",""
"Q1066","1820mil","1750mil","1820mil","1750mil","1820mil","1750mil","T","0",""
"Q1067","1820mil","1820mil","1820mil","1820mil","1820mil","1820mil","T","0",""
"Q1068","1820mil","1890mil","1820mil","1890mil","1820mil","1890mil","T","0",""
"Q1069","1820mil","1960mil","1820mil","1960mil","1820mil","1960mil","T","0",""
"Q1070","1820mil","2030mil","1820mil","2030mil","1820mil","2030mil","T","0",""
"Q1071","1820mil","2100mil","1820mil","2100mil","1820mil","2100mil","T","0",""
"Q1072","1820mil","2170mil","1820mil","2170mil","1820mil","2170mil","T","0",""
"Q1073","1820mil","2240mil","1820mil","2240mil","1820mil","2240mil","T","0",""
"Q1074","1820mil","2310mil","1820mil","2310mil","1820mil","2310mil","T","0",""
"Q1075","1820mil","2380mil","1820mil","2380mil","1820mil","2380mil","T","0",""
"Q1076","1820mil","2450mil","1820mil","2450mil","1820mil","2450mil","T","0",""
"Q1077","1820mil","2520mil","1820mil","2520mil","1820mil","2520mil","T","0",""
"Q1078","1820mil","2590mil","1820mil","2590mil","1820mil","2590mil","T","0",""
"Q1079","1820mil","2660mil","1820mil","2660mil","1820mil","2660mil","T","0",""
"Q1080","1820mil","2730mil","1820mil","2730mil","1820mil","2730mil","T","0",""
"Q1081","1890mil","0mil","1890mil","0mil","1890mil","0mil","T","0",""
"Q1082","1890mil","70mil","1890mil","70mil","1890mil","70mil","T","0",""
"Q1083","1890mil","140mil","1890mil","140mil","1890mil","140mil","T","0",""
"Q1084","1890mil","210mil","1890mil","210mil","1890mil","210mil","T","0",""
"Q1085","1890mil","280mil","1890mil","280mil","1890mil","280mil","T","0",""
"Q1086","1890mil","350mil","1890mil","350mil","1890mil","350mil","T","0",""
"Q1087","1890mil","420mil","1890mil","420mil","1890mil","420mil","T","0",""
"Q1088","1890mil","490mil","1890mil","490mil","1890mil","490mil","T","0",""
"Q1089","1890mil","560mil","1890mil","560mil","1890mil","560mil","T","0",""
"Q1090","1890mil","630mil","1890mil","630mil","1890mil","630mil","T","0",""
"Q1091","1890mil","700mil","1890mil","700mil","1890mil","700mil","T","0",""
"Q1092","1890mil","770mil","1890mil","770mil","1890mil","770mil","T","0",""
"Q1093","1890mil","840mil","1890mil","840mil","1890mil","840mil","T","0",""
"Q1094","1890mil","910mil","1890mil","910mil","1890mil","910mil","T","0",""
"Q1095","1890mil","980mil","1890mil","980mil","1890mil","980mil","T","0",""
"Q1096","1890mil","1050mil","1890mil","1050mil","1890mil","1050mil","T","0",""
"Q1097","1890mil","1120mil","1890mil","1120mil","1890mil","1120mil","T","0",""
"Q1098","1890mil","1190mil","1890mil","1190mil","1890mil","1190mil","T","0",""
"Q1099","1890mil","1260mil","1890mil","1260mil","1890mil","1260mil","T","0",""
"Q1100","1890mil","1330mil","1890mil","1330mil","1890mil","1330mil","T","0",""
"Q1101","1890mil","1400mil","1890mil","1400mil","1890mil","1400mil","T","0",""
"Q1102","1890mil","1470mil","1890mil","1470mil","1890mil","1470mil","T","0",""
"Q1103","1890mil","1540mil","1890mil","1540mil","1890mil","1540mil","T","0",""
"Q1104","1890mil","1610mil","1890mil","1610mil","1890mil","1610mil","T","0",""
"Q1105","1890mil","1680mil","1890mil","1680mil","1890mil","1680mil","T","0",""
"Q1106","1890mil","1750mil","1890mil","1750mil","1890mil","1750mil","T","0",""
"Q1107","1890mil","1820mil","1890mil","1820mil","1890mil","1820mil","T","0",""
"Q1108","1890mil","1890mil","1890mil","1890mil","1890mil","1890mil","T","0",""
"Q1109","1890mil","1960mil","1890mil","1960mil","1890mil","1960mil","T","0",""
"Q1110","1890mil","2030mil","1890mil","2030mil","1890mil","2030mil","T","0",""
"Q1111","1890mil","2100mil","1890mil","2100mil","1890mil","2100mil","T","0",""
"Q1112","1890mil","2170mil","1890mil","2170mil","1890mil","2170mil","T","0",""
"Q1113","1890mil","2240mil","1890mil","2240mil","1890mil","2240mil","T","0",""
"Q1114","1890mil","2310mil","1890mil","2310mil","1890mil","2310mil","T","0",""
"Q1115","1890mil","2380mil","1890mil","2380mil","1890mil","2380mil","T","0",""
"Q1116","1890mil","2450mil","1890mil","2450mil","1890mil","2450mil","T","0",""
"Q1117","1890mil","2520mil","1890mil","2520mil","1890mil","2520mil","T","0",""
"Q1118","1890mil","2590mil","1890mil","2590mil","1890mil","2590mil","T","0",""
"Q1119","1890mil","2660mil","1890mil","2660mil","1890mil","2660mil","T","0",""
"Q1120","1890mil","2730mil","1890mil","2730mil","1890mil","2730mil","T","0",""
"Q1121","1960mil","0mil","1960mil","0mil","1960mil","0mil","T","0",""
"Q1122","1960mil","70mil","1960mil","70mil","1960mil","70mil","T","0",""
"Q1123","1960mil","140mil","1960mil","140mil","1960mil","140mil","T","0",""
"Q1124","1960mil","210mil","1960mil","210mil","1960mil","210mil","T","0",""
"Q1125","1960mil","280mil","1960mil","280mil","1960mil","280mil","T","0",""
"Q1126","1960mil","350mil","1960mil","350mil","1960mil","350mil","T","0",""
"Q1127","1960mil","420mil","1960mil","420mil","1960mil","420mil","T","0",""
"Q1128","1960mil","490mil","1960mil","490mil","1960mil","490mil","T","0",""
"Q1129","1960mil","560mil","1960mil","560mil","1960mil","560mil","T","0",""
"Q1130","1960mil","630mil","1960mil","630mil","1960mil","630mil","T","0",""
"Q1131","1960mil","700mil","1960mil","700mil","1960mil","700mil","T","0",""
"Q1132","1960mil","770mil","1960mil","770mil","1960mil","770mil","T","0",""
"Q1133","1960mil","840mil","1960mil","840mil","1960mil","840mil","T","0",""
"Q1134","1960mil","910mil","1960mil","910mil","1960mil","910mil","T","0",""
"Q1135","1960mil","980mil","1960mil","980mil","1960mil","980mil","T","0",""
"Q1136","1960mil","1050mil","1960mil","1050mil","1960mil","1050mil","T","0",""
"Q1137","1960mil","1120mil","1960mil","1120mil","1960mil","1120mil","T","0",""
"Q1138","1960mil","1190mil","1960mil","1190mil","1960mil","1190mil","T","0",""
"Q1139","1960mil","1260mil","1960mil","1260mil","1960mil","1260mil","T","0",""
"Q1140","1960mil","1330mil","1960mil","1330mil","1960mil","1330mil","T","0",""
"Q1141","1960mil","1400mil","1960mil","1400mil","1960mil","1400mil","T","0",""
"Q1142","1960mil","1470mil","1960mil","1470mil","1960mil","1470mil","T","0",""
"Q1143","1960mil","1540mil","1960mil","1540mil","1960mil","1540mil","T","0",""
"Q1144","1960mil","1610mil","1960mil","1610mil","1960mil","1610mil","T","0",""
"Q1145","1960mil","1680mil","1960mil","1680mil","1960mil","1680mil","T","0",""
"Q1146","1960mil","1750mil","1960mil","1750mil","1960mil","1750mil","T","0",""
"Q1147","1960mil","1820mil","1960mil","1820mil","1960mil","1820mil","T","0",""
"Q1148","1960mil","1890mil","1960mil","1890mil","1960mil","1890mil","T","0",""
"Q1149","1960mil","1960mil","1960mil","1960mil","1960mil","1960mil","T","0",""
"Q1150","1960mil","2030mil","1960mil","2030mil","1960mil","2030mil","T","0",""
"Q1151","1960mil","2100mil","1960mil","2100mil","1960mil","2100mil","T","0",""
"Q1152","1960mil","2170mil","1960mil","2170mil","1960mil","2170mil","T","0",""
"Q1153","1960mil","2240mil","1960mil","2240mil","1960mil","2240mil","T","0",""
"Q1154","1960mil","2310mil","1960mil","2310mil","1960mil","2310mil","T","0",""
"Q1155","1960mil","2380mil","1960mil","2380mil","1960mil","2380mil","T","0",""
"Q1156","1960mil","2450mil","1960mil","2450mil","1960mil","2450mil","T","0",""
"Q1157","1960mil","2520mil","1960mil","2520mil","1960mil","2520mil","T","0",""
"Q1158","1960mil","2590mil","1960mil","2590mil","1960mil","2590mil","T","0",""
"Q1159","1960mil","2660mil","1960mil","2660mil","1960mil","2660mil","T","0",""
"Q1160","1960mil","2730mil","1960mil","2730mil","1960mil","2730mil","T","0",""
"Q1161","2030mil","0mil","2030mil","0mil","2030mil","0mil","T","0",""
"Q1162","2030mil","70mil","2030mil","70mil","2030mil","70mil","T","0",""
"Q1163","2030mil","140mil","2030mil","140mil","2030mil","140mil","T","0",""
"Q1164","2030mil","210mil","2030mil","210mil","2030mil","210mil","T","0",""
"Q1165","2030mil","280mil","2030mil","280mil","2030mil","280mil","T","0",""
"Q1166","2030mil","350mil","2030mil","350mil","2030mil","350mil","T","0",""
"Q1167","2030mil","420mil","2030mil","420mil","2030mil","420mil","T","0",""
"Q1168","2030mil","490mil","2030mil","490mil","2030mil","490mil","T","0",""
"Q1169","2030mil","560mil","2030mil","560mil","2030mil","560mil","T","0",""
"Q1170","2030mil","630mil","2030mil","630mil","2030mil","630mil","T","0",""
"Q1171","2030mil","700mil","2030mil","700mil","2030mil","700mil","T","0",""
"Q1172","2030mil","770mil","2030mil","770mil","2030mil","770mil","T","0",""
"Q1173","2030mil","840mil","2030mil","840mil","2030mil","840mil","T","0",""
"Q1174","2030mil","910mil","2030mil","910mil","2030mil","910mil","T","0",""
"Q1175","2030mil","980mil","2030mil","980mil","2030mil","980mil","T","0",""
"Q1176","2030mil","1050mil","2030mil","1050mil","2030mil","1050mil","T","0",""
"Q1177","2030mil","1120mil","2030mil","1120mil","2030mil","1120mil","T","0",""
"Q1178","2030mil","1190mil","2030mil","1190mil","2030mil","1190mil","T","0",""
"Q1179","2030mil","1260mil","2030mil","1260mil","2030mil","1260mil","T","0",""
"Q1180","2030mil","1330mil","2030mil","1330mil","2030mil","1330mil","T","0",""
"Q1181","2030mil","1400mil","2030mil","1400mil","2030mil","1400mil","T","0",""
"Q1182","2030mil","1470mil","2030mil","1470mil","2030mil","1470mil","T","0",""
"Q1183","2030mil","1540mil","2030mil","1540mil","2030mil","1540mil","T","0",""
"Q1184","2030mil","1610mil","2030mil","1610mil","2030mil","1610mil","T","0",""
"Q1185","2030mil","1680mil","2030mil","1680mil","2030mil","1680mil","T","0",""
"Q1186","2030mil","1750mil","2030mil","1750mil","2030mil","1750mil","T","0",""
"Q1187","2030mil","1820mil","2030mil","1820mil","2030mil","1820mil","T","0",""
"Q1188","2030mil","1890mil","2030mil","1890mil","2030mil","1890mil","T","0",""
"Q1189","2030mil","1960mil","2030mil","1960mil","2030mil","1960mil","T","0",""
"Q1190","2030mil","2030mil","2030mil","2030mil","2030mil","2030mil","T","0",""
"Q1191","2030mil","2100mil","2030mil","2100mil","2030mil","2100mil","T","0",""
"Q1192","2030mil","2170mil","2030mil","2170mil","2030mil","2170mil","T","0",""
"Q1193","2030mil","2240mil","2030mil","2240mil","2030mil","2240mil","T","0",""
"Q1194","2030mil","2310mil","2030mil","2310mil","2030mil","2310mil","T","0",""
"Q1195","2030mil","2380mil","2030mil","2380mil","2030mil","2380mil","T","0",""
"Q1196","2030mil","2450mil","2030mil","2450mil","2030mil","2450mil","T","0",""
"Q1197","2030mil","2520mil","2030mil","2520mil","2030mil","2520mil","T","0",""
"Q1198","2030mil","2590mil","2030mil","2590mil","2030mil","2590mil","T","0",""
"Q1199","2030mil","2660mil","2030mil","2660mil","2030mil","2660mil","T","0",""
"Q1200","2030mil","2730mil","2030mil","2730mil","2030mil","2730mil","T","0",""
